fecha,valor,rsi,day_of_week,is_end_of_month
2017-01-03,17.11,100.0,1,0
2017-01-04,16.96,91.22807017543875,2,0
2017-01-05,16.87,86.33461047254168,3,0
2017-01-06,16.86,85.78401067256704,4,0
2017-01-09,16.88,85.97663801766355,0,0
2017-01-10,16.85,84.1350447330895,1,0
2017-01-11,16.8,81.02017510321494,2,0
2017-01-12,16.83,81.46360418527249,3,0
2017-01-13,16.79,78.81943812850082,4,0
2017-01-16,16.81,79.18326305243225,0,0
2017-01-17,16.85,79.92594811940495,1,0
2017-01-18,16.88,80.48820554094449,2,0
2017-01-19,16.89,80.68243538285662,3,0
2017-01-20,16.86,78.16848682049975,4,0
2017-01-23,16.88,78.64617714892891,0,0
2017-01-24,16.87,77.73036165645873,1,0
2017-01-25,16.85,75.82850602238935,2,0
2017-01-26,16.8,71.14211701410198,3,1
2017-01-27,16.8,71.14211701410198,4,1
2017-01-30,16.7,62.222384178980256,0,1
2017-01-31,16.64,57.559267780010586,1,1
2017-02-01,16.61,55.32662879300609,2,0
2017-02-02,16.51,48.56447053415487,3,0
2017-02-03,16.48,46.71963971395313,4,0
2017-02-06,16.48,46.71963971395313,0,0
2017-02-07,16.49,47.490759305885625,1,0
2017-02-08,16.48,46.761920303010086,2,0
2017-02-09,16.43,43.19259237289485,3,0
2017-02-10,16.43,43.19259237289485,4,0
2017-02-13,16.45,45.13533903249115,0,0
2017-02-14,16.41,42.03880245180476,1,0
2017-02-15,16.32,36.046546326534155,2,0
2017-02-16,16.28,33.74434549543183,3,0
2017-02-17,16.48,50.69902955820695,4,0
2017-02-20,16.49,51.369120222046185,0,0
2017-02-21,16.42,46.59493232229903,1,0
2017-02-22,16.35,42.355640469416336,2,0
2017-02-23,16.26,37.61686256889463,3,0
2017-02-24,16.28,39.24360672576716,4,0
2017-03-01,16.24,37.156696274325945,2,0
2017-03-02,16.02,28.256483562350624,3,0
2017-03-03,16.07,32.22963505828287,4,0
2017-03-06,16.1,34.570945717719624,0,0
2017-03-07,16.09,34.14745780052357,1,0
2017-03-08,16.02,31.260694903580244,2,0
2017-03-09,16.02,31.260694903580244,3,0
2017-03-10,16.04,33.13379394857172,4,0
2017-03-13,16.08,36.840667853883474,0,0
2017-03-14,16.07,36.29889255769763,1,0
2017-03-15,16.06,35.73298475612398,2,0
2017-03-16,16.04,34.572090594113845,3,0
2017-03-17,16.07,37.8345731308021,4,0
2017-03-20,16.2,49.56960564491134,0,0
2017-03-21,16.13,44.678842189647824,1,0
2017-03-22,16.08,41.52710835961808,2,0
2017-03-23,16.09,42.402229102866535,3,0
2017-03-27,16.11,44.20091433269887,0,1
2017-03-28,16.07,41.415275992366986,1,1
2017-03-29,15.9,32.14354432454877,2,1
2017-03-30,15.89,31.694060631136793,3,1
2017-03-31,15.98,39.84684211860518,4,1
2017-04-03,15.99,40.6938534386385,0,0
2017-04-04,15.88,34.876320952248776,1,0
2017-04-05,15.87,34.39493163399041,2,0
2017-04-06,15.87,34.394931633990396,3,0
2017-04-07,15.69,26.701180722231598,4,0
2017-04-10,15.63,24.71648552961824,0,0
2017-04-11,15.69,30.29611095480189,1,0
2017-04-12,15.69,30.29611095480189,2,0
2017-04-17,15.91,47.00012369819964,0,0
2017-04-18,15.87,44.89358202255424,1,0
2017-04-19,16.1,56.86516810196327,2,0
2017-04-20,16.09,56.29256017137445,3,0
2017-04-21,16.09,56.29256017137445,4,0
2017-04-24,16.12,57.77201599333539,0,0
2017-04-25,16.1,56.401356413607566,1,0
2017-04-26,16.06,53.65932775516992,2,1
2017-04-27,15.95,46.90585877005498,3,1
2017-04-28,15.99,49.399798304054315,4,1
2017-05-02,15.97,48.18116975987517,1,0
2017-05-03,15.89,43.55300346457163,2,0
2017-05-04,15.91,44.97601476682487,3,0
2017-05-05,15.91,44.97601476682487,4,0
2017-05-08,16.01,51.99385834841544,0,0
2017-05-09,15.95,48.035207093849024,1,0
2017-05-10,15.94,47.38762685188967,2,0
2017-05-11,15.92,46.0504690596318,3,0
2017-05-12,15.93,46.85791046106577,4,0
2017-05-15,15.97,50.07655183524874,0,0
2017-05-16,16.05,55.837597685860885,1,0
2017-05-17,16.06,56.513135323815455,2,0
2017-05-18,16.2,64.66283011605361,3,0
2017-05-19,16.11,57.23678420113432,4,0
2017-05-22,16.22,62.85207599645583,0,0
2017-05-23,16.28,65.51225021345704,1,0
2017-05-24,16.29,65.94990063195736,2,0
2017-05-26,16.34,68.12775967806108,4,1
2017-05-29,16.41,70.9309638780937,0,1
2017-05-30,16.45,72.42351001777746,1,1
2017-05-31,16.39,66.876645511732,2,1
2017-06-01,16.3,59.513559753993924,3,0
2017-06-02,16.32,60.552934705326315,4,0
2017-06-05,16.34,61.61418566194041,0,0
2017-06-06,16.38,63.716635425248334,1,0
2017-06-07,16.36,61.89131437390732,2,0
2017-06-08,16.34,60.03904193503161,3,0
2017-06-09,16.35,60.67279910139124,4,0
2017-06-12,16.41,64.32829875584609,0,0
2017-06-13,16.48,68.05856328130608,1,0
2017-06-14,16.51,69.52920696983277,2,0
2017-06-15,16.49,67.3044120915379,3,0
2017-06-16,16.53,69.41246659715422,4,0
2017-06-19,16.64,74.31660286586555,0,0
2017-06-21,16.7,76.5272773026106,2,0
2017-06-22,16.53,60.6091239821535,3,0
2017-06-23,16.56,62.10705494544512,4,0
2017-06-26,16.67,67.05417708070917,0,1
2017-06-27,16.72,69.03320762490829,1,1
2017-06-28,16.67,64.83878952222236,2,1
2017-06-29,16.71,66.58780381644428,3,1
2017-06-30,16.84,71.5422794384155,4,1
2017-07-03,16.84,71.54227943841549,0,0
2017-07-04,16.96,75.4409109396783,1,0
2017-07-05,17.21,81.21482960474034,2,0
2017-07-06,17.25,81.94619081374162,3,0
2017-07-07,17.2,77.8652958437971,4,0
2017-07-10,17.3,80.00949486848799,0,0
2017-07-11,17.42,82.23360648786505,1,0
2017-07-12,17.5,83.54777449044623,2,0
2017-07-13,17.6,85.03763794542004,3,0
2017-07-14,17.57,82.62042356697279,4,0
2017-07-17,17.72,84.92741697211306,0,0
2017-07-18,17.84,86.47424921703407,1,0
2017-07-19,17.82,84.91020561033591,2,0
2017-07-20,17.84,85.1985106002374,3,0
2017-07-21,17.96,86.82501385880492,4,0
2017-07-24,18.05,87.89904099801731,0,0
2017-07-25,18.14,88.87565763465115,1,0
2017-07-26,18.27,90.11645940713498,2,1
2017-07-27,18.42,91.31956108929006,3,1
2017-07-28,18.43,91.39476594722191,4,1
2017-07-31,18.09,69.38430825967373,0,1
2017-08-01,18.09,69.38430825967373,1,0
2017-08-02,18.26,73.1359291361729,2,0
2017-08-03,18.18,68.859655737545,3,0
2017-08-04,18.15,67.27118324661177,4,0
2017-08-07,18.19,68.3205233463355,0,0
2017-08-08,18.4,73.18188755348267,1,0
2017-08-09,18.41,73.391284076619,2,0
2017-08-10,18.48,74.87042362694022,3,0
2017-08-11,18.48,74.87042362694022,4,0
2017-08-14,18.1,55.46049635424705,0,0
2017-08-15,18.15,57.038696778886795,1,0
2017-08-16,18.3,61.45164262232443,2,0
2017-08-17,18.35,62.82250757382122,3,0
2017-08-18,18.3,60.505289932486434,4,0
2017-08-22,18.32,61.12300601833224,1,0
2017-08-23,18.3,60.110528908193395,2,0
2017-08-24,18.26,58.03980990387066,3,0
2017-08-25,18.28,58.80396363944363,4,0
2017-08-28,18.31,59.98125169196715,0,1
2017-08-29,18.29,58.77533898675002,1,1
2017-08-30,18.26,56.926534299608605,2,1
2017-08-31,18.26,56.926534299608605,3,1
2017-09-01,18.15,50.2102499951394,4,0
2017-09-04,18.1,47.46877461268967,0,0
2017-09-05,17.99,42.03157812924087,1,0
2017-09-06,17.95,40.22715527929377,2,0
2017-09-07,17.83,35.327342078917155,3,0
2017-09-08,17.88,38.67887695577343,4,0
2017-09-11,17.94,42.52786276787603,0,0
2017-09-12,17.88,39.83516555950693,1,0
2017-09-13,17.85,38.52183041811621,2,0
2017-09-14,17.86,39.24092091580302,3,0
2017-09-15,17.84,38.2766236781197,4,0
2017-09-18,17.92,44.18498999198522,0,0
2017-09-19,17.95,46.26235273521851,1,0
2017-09-20,17.97,47.66091210061326,2,0
2017-09-21,17.95,46.361507238160115,3,0
2017-09-22,17.95,46.361507238160115,4,0
2017-09-25,17.97,48.00553306221925,0,0
2017-09-26,18.05,54.06976016728021,1,1
2017-09-27,17.99,49.414747623752916,2,1
2017-09-28,17.97,47.93336330235778,3,1
2017-09-29,17.91,43.70077311709,4,1
2017-10-02,17.96,47.83461774202356,0,0
2017-10-03,17.9,43.68899566276871,1,0
2017-10-04,17.82,38.85389635731572,2,0
2017-10-05,17.8,37.72970199220073,3,0
2017-10-06,17.78,36.589586080847276,4,0
2017-10-09,17.87,44.689337478400674,0,0
2017-10-10,17.86,44.01656316011588,1,0
2017-10-11,17.85,43.31432930066159,2,0
2017-10-12,17.89,46.95950039103735,3,0
2017-10-13,17.9,47.862156618886985,4,0
2017-10-17,18.02,57.26154374902774,1,0
2017-10-18,18.05,59.23990828634824,2,0
2017-10-19,17.98,53.06720794035662,3,0
2017-10-20,18.01,55.22071296678707,4,0
2017-10-23,18.07,59.24817318553192,0,0
2017-10-24,18.14,63.38566124230119,1,0
2017-10-25,18.1,59.65825399994079,2,0
2017-10-26,18.08,57.82719379210855,3,1
2017-10-27,18.12,60.442234854207136,4,1
2017-10-30,18.15,62.32892248337139,0,1
2017-10-31,18.1,57.41397060886676,1,1
2017-11-01,18.03,51.31336606018822,2,0
2017-11-02,18.03,51.31336606018822,3,0
2017-11-03,18.01,49.568110702233845,4,0
2017-11-07,18.0,48.676646690528756,1,0
2017-11-08,17.9,40.77861908013719,2,0
2017-11-09,17.95,45.5369499988763,3,0
2017-11-10,17.98,48.22496946370232,4,0
2017-11-13,18.08,56.01742802159918,0,0
2017-11-14,18.07,55.12395956129674,1,0
2017-11-15,18.06,54.19309878705167,2,0
2017-11-16,18.06,54.19309878705167,3,0
2017-11-17,18.09,56.73507178710241,4,0
2017-11-21,18.12,59.17486136435382,1,0
2017-11-22,18.14,60.76341193007866,2,0
2017-11-23,18.1,56.064712607906344,3,0
2017-11-24,18.07,52.7689215723821,4,0
2017-11-27,18.11,56.44536483535023,0,1
2017-11-28,18.14,59.0216862095866,1,1
2017-11-29,18.12,56.617278719977314,2,1
2017-11-30,17.96,41.90858443630386,3,1
2017-12-01,18.01,46.5791614331805,4,0
2017-12-04,18.07,51.60726981623039,0,0
2017-12-05,17.96,43.5198900502744,1,0
2017-12-06,17.95,42.862286295922125,2,0
2017-12-07,17.88,38.47915260604806,3,0
2017-12-11,17.93,42.96560315577851,0,0
2017-12-12,17.95,44.70271995757172,1,0
2017-12-13,17.93,43.283026845814454,2,0
2017-12-14,17.96,46.05074535270084,3,0
2017-12-15,18.09,56.05763443229797,4,0
2017-12-18,18.25,64.72908378684994,0,0
2017-12-19,18.16,57.81753978541916,1,0
2017-12-20,18.06,51.26728610896567,2,0
2017-12-21,18.09,52.9880172477712,3,0
2017-12-22,18.3,62.87100644669156,4,0
2017-12-26,18.9,77.45439170448111,1,1
2017-12-27,19.05,79.61052635271547,2,1
2017-12-28,19.27,82.2862461492009,3,1
2017-12-29,19.28,82.39931065721524,4,1
2018-01-02,19.25,80.73444011992632,1,0
2018-01-03,19.29,81.27761719246874,2,0
2018-01-04,19.41,82.84064496118471,3,0
2018-01-05,19.45,83.33992695381234,4,0
2018-01-08,19.58,84.8797536798908,0,0
2018-01-09,19.54,82.35743990087528,1,0
2018-01-10,19.32,70.03111970908449,2,0
2018-01-11,19.41,71.88496603816277,3,0
2018-01-12,19.54,74.35286615661046,4,0
2018-01-15,19.61,75.59510547881507,0,0
2018-01-16,19.6,75.03596293526559,1,0
2018-01-17,19.62,75.42742901592473,2,0
2018-01-18,19.64,75.8355056369165,3,0
2018-01-19,19.69,76.86968839213314,4,0
2018-01-22,19.8,78.99912329910127,0,0
2018-01-23,19.88,80.41154703945739,1,0
2018-01-24,20.03,82.75367256022189,2,0
2018-01-25,19.96,78.06288168310394,3,0
2018-01-26,19.98,78.43893178258284,4,1
2018-01-29,20.03,79.3901196305482,0,1
2018-01-30,20.04,79.58410948919826,1,1
2018-01-31,19.95,72.93074384105958,2,1
2018-02-01,19.93,71.50022168557415,3,0
2018-02-02,19.92,70.75294206843007,4,0
2018-02-05,19.92,70.75294206843007,0,0
2018-02-06,19.89,68.27038786290323,1,0
2018-02-07,19.85,64.99575476028019,2,0
2018-02-08,19.93,68.2734447662427,3,0
2018-02-09,20.23,76.97886647329767,4,0
2018-02-14,19.96,60.80736717453975,2,0
2018-02-15,19.86,56.10615151672315,3,0
2018-02-16,19.91,57.8604308718882,4,0
2018-02-19,20.23,66.96129722262992,0,0
2018-02-20,20.16,63.71941543991963,1,0
2018-02-21,20.11,61.43159592031813,2,0
2018-02-22,20.07,59.58833877272581,3,0
2018-02-23,20.1,60.54453546378151,4,0
2018-02-26,20.37,67.90499836127606,0,1
2018-02-27,20.28,63.64301140210155,1,1
2018-02-28,20.27,63.16860143036294,2,1
2018-03-01,20.28,63.46191593653717,3,0
2018-03-02,20.4,66.87136924645893,4,0
2018-03-05,20.28,60.76507537725991,0,0
2018-03-06,20.43,65.05999591471424,1,0
2018-03-07,20.5,66.88195439062818,2,0
2018-03-08,20.51,67.14552483010056,3,0
2018-03-09,20.61,69.73909826643302,4,0
2018-03-12,20.69,71.66611220292633,0,0
2018-03-13,20.67,70.45813476095327,1,0
2018-03-14,20.77,72.91628229642295,2,0
2018-03-15,20.82,74.07772511219856,3,0
2018-03-16,20.89,75.65194892195383,4,0
2018-03-19,20.92,76.31578411720214,0,0
2018-03-20,20.97,77.42072609927288,1,0
2018-03-21,20.98,77.64535361150892,2,0
2018-03-22,20.9,71.51578961260527,3,0
2018-03-23,20.94,72.67722128276426,4,0
2018-03-26,20.88,68.18603703664087,0,1
2018-03-27,20.76,60.176552941192924,1,1
2018-03-28,20.76,60.176552941192924,2,1
2018-04-03,20.82,62.71617409437203,1,0
2018-04-04,20.6,50.10008695479222,2,0
2018-04-05,20.38,41.179205477970974,3,0
2018-04-06,20.64,52.04657167659167,4,0
2018-04-09,20.51,47.33732129500881,0,0
2018-04-10,20.4,43.73162391160241,1,0
2018-04-11,20.44,45.36143355039046,2,0
2018-04-12,20.48,47.014219158766124,3,0
2018-04-13,20.47,46.63442477128422,4,0
2018-04-16,20.48,47.094684846637435,0,0
2018-04-17,20.61,52.7945231312613,1,0
2018-04-18,20.63,53.622357070621156,2,0
2018-04-19,20.55,49.85606891078032,3,0
2018-04-20,20.58,51.23917235960702,4,0
2018-04-23,20.57,50.736803377961444,0,0
2018-04-24,20.59,51.755588059610496,1,0
2018-04-25,20.56,50.08248896734645,2,0
2018-04-26,20.68,56.184054480490694,3,1
2018-04-27,20.88,64.06739806908006,4,1
2018-05-02,21.1,70.38038685569674,2,0
2018-05-03,21.55,78.64497138188568,3,0
2018-05-04,21.7,80.58920478469477,4,0
2018-05-07,22.0,83.77150511858437,0,0
2018-05-08,22.7,88.50643893403948,1,0
2018-05-09,23.15,90.43790795566946,2,0
2018-05-10,23.3,90.98192252421136,3,0
2018-05-11,24.25,93.50300549675516,4,0
2018-05-14,26.8,96.40676282847072,0,0
2018-05-15,24.8,69.98652384282458,1,0
2018-05-16,25.0,70.84691982147336,2,0
2018-05-17,25.2,71.71998446446814,3,0
2018-05-18,25.4,72.6035542586412,4,0
2018-05-21,25.4,72.6035542586412,0,0
2018-05-22,25.4,72.6035542586412,1,0
2018-05-23,25.4,72.6035542586412,2,0
2018-05-24,25.55,73.44065658381872,3,0
2018-05-28,25.85,75.08062735677973,0,1
2018-05-29,25.85,75.08062735677973,1,1
2018-05-30,25.9,75.37454198858973,2,1
2018-05-31,25.97,75.80479715001384,3,1
2018-06-01,26.0,75.99834610869401,4,0
2018-06-04,26.0,75.99834610869401,0,0
2018-06-05,25.9,73.71859857744259,1,0
2018-06-06,25.55,66.23016196849217,2,0
2018-06-07,25.55,66.23016196849217,3,0
2018-06-08,25.8,68.8513303533375,4,0
2018-06-11,26.1,71.69093214928276,0,0
2018-06-12,26.3,73.42994885531789,1,0
2018-06-13,26.6,75.82854394213975,2,0
2018-06-14,27.9,82.99318361064168,3,0
2018-06-15,28.1,83.7892791573907,4,0
2018-06-18,28.15,83.99103683444545,0,0
2018-06-19,28.35,84.80565555085782,1,0
2018-06-21,28.0,77.38455680463413,3,0
2018-06-22,27.95,76.35659590266455,4,0
2018-06-25,27.95,76.35659590266455,0,0
2018-06-26,28.0,76.7153211276637,1,1
2018-06-27,27.95,75.48198931891216,2,1
2018-06-28,28.15,77.06997652529839,3,1
2018-06-29,28.95,82.07193302011295,4,1
2018-07-02,28.95,82.07193302011295,0,0
2018-07-03,29.0,82.35099775155105,1,0
2018-07-04,28.95,80.99329334008559,2,0
2018-07-05,28.9,79.58034314228928,3,0
2018-07-06,28.9,79.58034314228928,4,0
2018-07-10,28.5,68.49397006427745,1,0
2018-07-11,28.43,66.74168963278255,2,0
2018-07-12,28.45,67.00144399298688,3,0
2018-07-13,28.68,69.91177115003717,4,0
2018-07-16,28.85,71.8854809742204,0,0
2018-07-17,28.8,70.42228480030532,1,0
2018-07-18,28.65,66.07700579477896,2,0
2018-07-19,28.65,66.07700579477896,3,0
2018-07-20,28.75,67.62169045699613,4,0
2018-07-23,28.67,65.06902090368077,0,0
2018-07-24,28.6,62.83392828933782,1,0
2018-07-25,28.6,62.83392828933782,2,0
2018-07-26,28.55,61.0954415183546,3,1
2018-07-27,28.6,62.221111381787026,4,1
2018-07-30,28.4,55.32538998154893,0,1
2018-07-31,28.25,50.7799093576013,1,1
2018-08-01,28.2,49.325162979799806,2,0
2018-08-02,28.15,47.84893866029395,3,0
2018-08-03,28.05,44.95132172139701,4,0
2018-08-06,28.1,46.68966197376567,0,0
2018-08-07,27.75,37.71221822974183,1,0
2018-08-08,27.8,39.50183807071252,2,0
2018-08-09,27.95,44.640564657397825,3,0
2018-08-10,29.0,66.250801230296,4,0
2018-08-13,29.7,73.63879542194245,0,0
2018-08-14,29.3,64.89640225084817,1,0
2018-08-15,29.8,69.73345864199354,2,0
2018-08-16,29.65,66.76137693588407,3,0
2018-08-17,29.9,69.12339145800205,4,0
2018-08-21,30.35,72.8617319523263,1,0
2018-08-22,30.75,75.68036463485913,2,0
2018-08-23,31.0,77.2693945045254,3,0
2018-08-24,31.65,80.78481720933473,4,0
2018-08-27,32.45,84.05362781722131,0,1
2018-08-28,33.3,86.6518682919418,1,1
2018-08-29,34.15,88.64442722792305,2,1
2018-08-30,40.0,94.60901503860111,3,1
2018-08-31,37.5,76.19096351596613,4,1
2018-09-03,38.0,77.14910375544531,0,0
2018-09-04,38.5,78.09828692273365,1,0
2018-09-05,38.5,78.09828692273365,2,0
2018-09-06,36.75,66.83004962529431,3,0
2018-09-07,36.5,65.37881325861794,4,0
2018-09-10,37.25,67.64850394841403,0,0
2018-09-11,38.5,71.05446543775247,1,0
2018-09-12,38.0,67.97185149154757,2,0
2018-09-13,38.75,70.06943211168853,3,0
2018-09-14,39.0,70.75693286476489,4,0
2018-09-17,40.0,73.38992186999485,0,0
2018-09-18,39.75,71.65298082291683,1,0
2018-09-19,39.0,66.56331211000679,2,0
2018-09-20,38.75,64.90823407460337,3,0
2018-09-21,38.25,61.60878900312694,4,0
2018-09-24,38.25,61.60878900312694,0,0
2018-09-25,38.25,61.60878900312694,1,0
2018-09-26,38.25,61.60878900312694,2,1
2018-09-27,38.5,62.87785133184036,3,1
2018-09-28,39.75,68.48698494882962,4,1
2018-10-01,38.5,58.90226631752541,0,0
2018-10-02,38.5,58.90226631752541,1,0
2018-10-03,38.5,58.90226631752542,2,0
2018-10-04,38.0,55.053096153570515,3,0
2018-10-05,38.0,55.053096153570515,4,0
2018-10-08,37.75,53.043063665197806,0,0
2018-10-09,37.5,51.03634906226673,1,0
2018-10-10,37.5,51.03634906226673,2,0
2018-10-11,37.5,51.03634906226673,3,0
2018-10-12,37.75,53.24554414517441,4,0
2018-10-16,37.0,46.471433551347104,1,0
2018-10-17,37.0,46.471433551347104,2,0
2018-10-18,37.25,48.980726658954076,3,0
2018-10-19,37.0,46.62683535471873,4,0
2018-10-22,36.5,42.25326485374533,0,0
2018-10-23,37.0,47.55135283026087,1,0
2018-10-24,37.0,47.55135283026087,2,0
2018-10-25,36.75,45.1493022699945,3,0
2018-10-26,36.75,45.1493022699945,4,1
2018-10-29,36.5,42.650603978616495,0,1
2018-10-30,36.0,38.10810527549632,1,1
2018-10-31,35.75,36.041186574028245,2,1
2018-11-01,35.5,34.05218249373159,3,0
2018-11-02,35.5,34.05218249373159,4,0
2018-11-05,35.25,32.00381572642101,0,0
2018-11-06,35.25,32.00381572642101,1,0
2018-11-07,35.0,29.916703182013364,2,0
2018-11-08,34.75,27.95350112331478,3,0
2018-11-09,34.75,27.95350112331478,4,0
2018-11-12,35.25,37.47117649823596,0,0
2018-11-13,36.25,51.32174718216752,1,0
2018-11-14,35.75,45.852752406460326,2,0
2018-11-15,35.25,41.13239623074811,3,0
2018-11-16,35.5,44.2241860577332,4,0
2018-11-20,35.5,44.22418605773319,1,0
2018-11-21,35.75,47.42654140193727,2,0
2018-11-22,35.75,47.42654140193727,3,0
2018-11-23,37.0,60.55820269325834,4,0
2018-11-26,38.25,68.9187738962863,0,1
2018-11-27,37.0,56.11008054432658,1,1
2018-11-28,36.75,53.950461593253245,2,1
2018-11-29,36.75,53.950461593253245,3,1
2018-12-03,36.0,47.57895989706869,0,0
2018-12-04,36.5,51.67628458599516,1,0
2018-12-05,37.0,55.428092943821184,2,0
2018-12-06,36.75,53.203870376282346,3,0
2018-12-07,36.75,53.203870376282346,4,0
2018-12-10,37.0,55.28487077440377,0,0
2018-12-11,37.5,59.19335034644165,1,0
2018-12-12,37.5,59.19335034644165,2,0
2018-12-13,37.75,61.161918676975645,3,0
2018-12-14,38.0,63.079995440276065,4,0
2018-12-17,38.25,64.94444136948294,0,0
2018-12-18,39.0,69.86159959575508,1,0
2018-12-19,38.5,63.469870928490195,2,0
2018-12-20,38.25,60.48986512928653,3,0
2018-12-21,38.75,64.11843545394011,4,0
2018-12-26,40.5,73.34529074928504,2,1
2018-12-27,40.0,67.96754161444176,3,1
2018-12-28,40.5,70.3117568601159,4,1
2019-01-02,40.5,70.3117568601159,2,0
2019-01-03,40.25,67.44939431326068,3,0
2019-01-04,40.0,64.61653479311519,4,0
2019-01-07,39.5,59.25615986885968,0,0
2019-01-08,39.25,56.72242605151266,1,0
2019-01-09,39.75,60.37201654454381,2,0
2019-01-10,39.25,55.345700406683605,3,0
2019-01-11,39.25,55.345700406683605,4,0
2019-01-14,39.0,52.796753957086665,0,0
2019-01-15,39.25,55.02729645973625,1,0
2019-01-16,39.25,55.02729645973625,2,0
2019-01-17,39.0,52.16829330984432,3,0
2019-01-18,39.0,52.16829330984432,4,0
2019-01-21,38.75,49.203452358599094,0,0
2019-01-22,38.75,49.203452358599094,1,0
2019-01-23,39.0,52.34451794952933,2,0
2019-01-24,38.5,46.192357975788944,3,0
2019-01-25,38.25,43.44300225653128,4,0
2019-01-28,38.25,43.44300225653128,0,1
2019-01-29,38.5,47.09497157582861,1,1
2019-01-30,38.25,44.03298301438725,2,1
2019-01-31,37.5,36.38921278903728,3,1
2019-02-01,37.75,40.12060053177078,4,0
2019-02-04,37.5,37.73669957383509,0,0
2019-02-05,37.3,35.89898675649033,1,0
2019-02-06,37.25,35.43440350583397,2,0
2019-02-07,37.75,43.332143410352685,3,0
2019-02-08,37.5,40.654429248625696,4,0
2019-02-11,38.0,47.62534590543459,0,0
2019-02-12,38.0,47.62534590543459,1,0
2019-02-13,38.25,50.965328622769974,2,0
2019-02-14,38.5,54.116447386431595,3,0
2019-02-15,38.75,57.08634636928658,4,0
2019-02-18,38.75,57.08634636928658,0,0
2019-02-19,39.0,60.0828418210145,1,0
2019-02-20,39.75,67.4303097300429,2,0
2019-02-21,39.25,59.55944978983115,3,0
2019-02-22,38.75,52.90858852192379,4,0
2019-02-25,38.75,52.90858852192379,0,0
2019-02-26,39.25,58.308031724655734,1,1
2019-02-27,39.0,54.917463945100366,2,1
2019-02-28,39.0,54.91746394510037,3,1
2019-03-01,39.0,54.917463945100366,4,0
2019-03-06,40.5,68.60027202390047,2,0
2019-03-07,42.5,78.13089556410026,3,0
2019-03-08,41.0,62.74790974960777,4,0
2019-03-11,41.0,62.74790974960777,0,0
2019-03-12,41.25,64.11364131502643,1,0
2019-03-13,41.5,65.47669134042839,2,0
2019-03-14,41.0,60.525228560923445,3,0
2019-03-15,41.0,60.525228560923445,4,0
2019-03-18,41.0,60.525228560923445,0,0
2019-03-19,41.25,62.30535364841755,1,0
2019-03-20,41.25,62.30535364841755,2,0
2019-03-21,41.25,62.30535364841755,3,0
2019-03-22,41.75,66.1216113074668,4,0
2019-03-25,41.9,67.19463384366108,0,0
2019-03-26,42.55,71.41907409405164,1,1
2019-03-27,44.0,78.17182866319366,2,1
2019-03-28,43.8,75.52136898249739,3,1
2019-03-29,43.65,73.50832436680315,4,1
2019-04-01,43.5,71.45709793438662,0,0
2019-04-03,43.5,71.45709793438662,2,0
2019-04-04,43.65,72.3518695881364,3,0
2019-04-05,44.0,74.37075371286213,4,0
2019-04-08,44.0,74.37075371286213,0,0
2019-04-09,44.0,74.37075371286213,1,0
2019-04-10,44.0,74.37075371286213,2,0
2019-04-11,44.0,74.37075371286213,3,0
2019-04-12,43.65,67.25688583381645,4,0
2019-04-15,43.5,64.41317008170029,0,0
2019-04-16,43.8,67.38347978178429,1,0
2019-04-17,43.45,60.98779786963561,2,0
2019-04-22,44.35,69.10758183525468,0,0
2019-04-23,44.15,65.82865906967402,1,0
2019-04-24,44.5,68.63341728487435,2,0
2019-04-25,46.0,77.25126128078125,3,0
2019-04-26,46.1,77.69130816504824,4,1
2019-04-29,45.07,63.96624393072424,0,1
2019-04-30,46.0,69.24869942771629,1,1
2019-05-02,46.25,70.50063152703979,3,0
2019-05-03,45.75,64.81706043383186,4,0
2019-05-06,46.5,68.87093501181917,0,0
2019-05-07,46.0,63.608947426460475,1,0
2019-05-08,46.0,63.608947426460475,2,0
2019-05-09,46.0,63.608947426460475,3,0
2019-05-10,46.0,63.608947426460475,4,0
2019-05-13,46.0,63.608947426460475,0,0
2019-05-14,46.0,63.608947426460475,1,0
2019-05-15,46.0,63.608947426460475,2,0
2019-05-16,46.0,63.608947426460475,3,0
2019-05-17,46.1,64.58792485717612,4,0
2019-05-20,46.35,66.97951216316102,0,0
2019-05-21,46.25,65.08600415250595,1,0
2019-05-22,46.1,62.24353751340021,2,0
2019-05-23,46.2,63.39138577414456,3,0
2019-05-24,46.15,62.370384480728646,4,0
2019-05-27,46.15,62.370384480728646,0,1
2019-05-28,46.2,63.0603980393417,1,1
2019-05-29,46.2,63.060398039341706,2,1
2019-05-30,45.9,55.924471808279826,3,1
2019-05-31,46.0,57.64499986930951,4,1
2019-06-03,46.1,59.35371541867964,0,0
2019-06-04,46.0,56.88240272278035,1,0
2019-06-05,45.6,48.23160463152038,2,0
2019-06-06,45.65,49.27017588100384,3,0
2019-06-07,45.7,50.34301988935205,4,0
2019-06-10,45.5,46.13969803268388,0,0
2019-06-11,45.5,46.13969803268388,1,0
2019-06-12,45.3,42.06629816551343,2,0
2019-06-13,45.3,42.06629816551343,3,0
2019-06-14,45.2,40.01762365651324,4,0
2019-06-18,45.15,38.995031101154325,1,0
2019-06-19,44.9,34.27845106845271,2,0
2019-06-21,44.5,28.366527870711195,4,0
2019-06-24,44.44,27.597652966791657,0,0
2019-06-25,44.1,23.68063781947194,1,0
2019-06-26,44.2,26.964051054777514,2,1
2019-06-27,44.2,26.964051054777514,3,1
2019-06-28,43.8,22.47788267133528,4,1
2019-07-01,43.45,19.43146945884095,0,0
2019-07-02,43.5,21.077065665168362,1,0
2019-07-03,43.05,17.59408065047252,2,0
2019-07-04,42.9,16.60883600572228,3,0
2019-07-05,42.9,16.60883600572228,4,0
2019-07-10,42.8,15.919569870200988,2,0
2019-07-11,43.2,28.67099151275046,3,0
2019-07-12,43.25,30.09806898765595,4,0
2019-07-15,43.75,42.489305810152466,0,0
2019-07-16,44.45,54.618171646449,1,0
2019-07-17,44.2,50.52024934523792,2,0
2019-07-18,43.95,46.74338485491134,3,0
2019-07-19,43.95,46.74338485491135,4,0
2019-07-22,44.05,48.52848357732134,0,0
2019-07-23,44.25,51.99423010638146,1,0
2019-07-24,44.6,57.40005091536053,2,0
2019-07-25,44.95,62.00740744207873,3,0
2019-07-26,44.95,62.00740744207873,4,1
2019-07-29,45.15,64.548435517847,0,1
2019-07-30,45.15,64.548435517847,1,1
2019-07-31,45.2,65.22283021152248,2,1
2019-08-01,45.43,68.21788044679623,3,0
2019-08-02,45.9,73.28165276620891,4,0
2019-08-05,46.6,78.7198092011687,0,0
2019-08-06,46.4,74.08040618301627,1,0
2019-08-07,46.5,74.87765330527027,2,0
2019-08-08,46.72,76.58406433359704,3,0
2019-08-09,46.9,77.90635037858767,4,0
2019-08-12,57.0,94.9927158141452,0,0
2019-08-13,57.0,94.9927158141452,1,0
2019-08-14,62.0,96.53239403579622,2,0
2019-08-15,59.0,80.53195490478755,3,0
2019-08-16,59.0,80.53195490478755,4,0
2019-08-20,58.0,75.68240050191213,1,0
2019-08-21,58.5,76.44614872046958,2,0
2019-08-22,58.0,73.94509197383897,3,0
2019-08-23,58.0,73.94509197383896,4,0
2019-08-26,57.5,71.24192455375561,0,1
2019-08-27,59.0,74.2796367631251,1,1
2019-08-28,60.5,76.90662918806987,2,1
2019-08-29,60.75,77.32236075115958,3,1
2019-08-30,63.0,80.69138399683725,4,1
2019-09-02,63.5,81.35429782421201,0,0
2019-09-03,61.0,68.66109190637042,1,0
2019-09-04,59.0,60.52525683710947,2,0
2019-09-05,59.0,60.52525683710947,3,0
2019-09-06,59.0,60.52525683710947,4,0
2019-09-09,59.0,60.52525683710947,0,0
2019-09-10,58.75,59.343005764737946,1,0
2019-09-11,59.0,60.18063549519918,2,0
2019-09-12,60.0,63.426483708440685,3,0
2019-09-13,61.5,67.68201769648766,4,0
2019-09-16,61.5,67.68201769648766,0,0
2019-09-17,62.0,69.07315831071286,1,0
2019-09-18,62.75,71.08384012901189,2,0
2019-09-19,63.0,71.74330634442668,3,0
2019-09-20,62.75,70.02349657826014,4,0
2019-09-23,62.25,66.58559087646908,0,0
2019-09-24,61.75,63.24180026042177,1,0
2019-09-25,61.75,63.241800260421776,2,0
2019-09-26,62.0,64.2819268764284,3,1
2019-09-27,61.5,60.589242584795514,4,1
2019-09-30,61.25,58.77132795747996,0,1
2019-10-01,60.75,55.20384453443467,1,0
2019-10-02,61.5,59.204110012697605,2,0
2019-10-03,61.0,55.637087249252154,3,0
2019-10-04,61.25,57.03108819016024,4,0
2019-10-07,61.25,57.031088190160254,0,0
2019-10-08,61.5,58.54193827873357,1,0
2019-10-09,61.75,60.05452167370015,2,0
2019-10-10,63.0,66.61349646185994,3,0
2019-10-11,63.5,68.81897766437402,4,0
2019-10-15,63.5,68.818977664374,1,0
2019-10-16,64.5,72.96190961056213,2,0
2019-10-17,67.5,81.08249378588872,3,0
2019-10-18,65.25,65.25327396635225,4,0
2019-10-21,66.25,68.22256906537972,0,0
2019-10-22,67.25,70.90055821365128,1,0
2019-10-23,69.75,76.28194081052047,2,0
2019-10-24,69.75,76.28194081052047,3,0
2019-10-25,75.75,84.34185148060128,4,0
2019-10-28,74.0,76.20754497852278,0,1
2019-10-29,67.0,53.83967947691032,1,1
2019-10-30,67.0,53.83967947691032,2,1
2019-10-31,69.0,57.93122819738714,3,1
2019-11-01,67.5,54.060897210512145,4,0
2019-11-04,65.5,49.32874348773451,0,0
2019-11-05,64.5,47.10835863767564,1,0
2019-11-06,65.0,48.35996965893128,2,0
2019-11-07,64.0,46.0146957704903,3,0
2019-11-08,65.25,49.32305507760519,4,0
2019-11-11,64.5,47.4443543987706,0,0
2019-11-12,65.5,50.16971762407842,1,0
2019-11-13,66.75,53.42124621579728,2,0
2019-11-14,66.75,53.42124621579728,3,0
2019-11-15,66.75,53.42124621579728,4,0
2019-11-19,66.5,52.56446386062335,1,0
2019-11-20,66.75,53.369857006785715,2,0
2019-11-21,66.75,53.369857006785715,3,0
2019-11-22,68.5,59.01867427575661,4,0
2019-11-25,68.0,56.89785664701406,0,0
2019-11-26,68.25,57.716028129178184,1,1
2019-11-27,69.25,60.91220849061816,2,1
2019-11-28,69.75,62.440918652655185,3,1
2019-11-29,69.25,59.9173155628252,4,1
2019-12-02,68.25,55.119213746787274,0,0
2019-12-03,68.5,56.06640685118085,1,0
2019-12-04,69.0,57.976627995237024,2,0
2019-12-05,70.0,61.57507136685219,3,0
2019-12-06,71.0,64.81931013401098,4,0
2019-12-09,70.0,59.41682176131021,0,0
2019-12-10,69.5,56.864781628512375,1,0
2019-12-11,68.5,52.04962553067085,2,0
2019-12-12,66.5,44.0209941242422,3,0
2019-12-13,66.75,45.159717639632944,4,0
2019-12-16,72.5,63.53353211505158,0,0
2019-12-17,74.0,66.67067474275379,1,0
2019-12-18,76.0,70.33510754653514,2,0
2019-12-19,75.75,69.30929869655947,3,0
2019-12-20,75.0,66.19044142074799,4,0
2019-12-23,76.75,69.62507690464443,0,0
2019-12-26,80.0,74.75436847205692,3,1
2019-12-27,78.5,68.96583216100348,4,1
2019-12-30,78.5,68.96583216100348,0,1
2020-01-02,77.0,63.28271445143428,3,0
2020-01-03,77.0,63.28271445143428,4,0
2020-01-06,77.25,63.85839065037507,0,0
2020-01-07,76.25,59.81834062051278,1,0
2020-01-08,76.5,60.49129597043254,2,0
2020-01-09,76.5,60.491295970432546,3,0
2020-01-10,76.5,60.491295970432546,4,0
2020-01-13,76.5,60.49129597043254,0,0
2020-01-14,77.5,63.75703051689883,1,0
2020-01-15,78.0,65.30141200148516,2,0
2020-01-16,77.75,63.83668783783053,3,0
2020-01-17,77.75,63.83668783783053,4,0
2020-01-20,78.0,64.75357875021132,0,0
2020-01-21,77.5,61.40055636005322,1,0
2020-01-22,77.75,62.447600658414274,2,0
2020-01-23,77.75,62.447600658414274,3,0
2020-01-24,78.5,65.68610613870737,4,0
2020-01-27,78.0,61.856237570447774,0,1
2020-01-28,78.25,63.01732095122439,1,1
2020-01-29,78.25,63.01732095122439,2,1
2020-01-30,78.0,60.86849227495065,3,1
2020-01-31,78.0,60.868492274950654,4,1
2020-02-03,78.0,60.868492274950654,0,0
2020-02-04,78.0,60.868492274950654,1,0
2020-02-05,78.0,60.868492274950654,2,0
2020-02-06,77.5,55.39613168679958,3,0
2020-02-07,77.5,55.39613168679958,4,0
2020-02-10,77.0,50.16547236556139,0,0
2020-02-11,77.5,54.765221509029146,1,0
2020-02-12,78.25,60.634627005013336,2,0
2020-02-13,78.9,64.88695640186546,3,0
2020-02-14,77.9,55.03691728901357,4,0
2020-02-17,78.0,55.760151343680725,0,0
2020-02-18,78.7,60.54440412730892,1,0
2020-02-19,78.9,61.81500702009323,2,0
2020-02-20,78.8,60.76138798821572,3,0
2020-02-21,78.8,60.76138798821572,4,0
2020-02-26,78.7,59.58355035002561,2,1
2020-02-27,78.5,57.195548544661875,3,1
2020-02-28,78.5,57.195548544661875,4,1
2020-03-02,78.5,57.195548544661875,0,0
2020-03-03,78.5,57.19554854466189,1,0
2020-03-04,78.5,57.195548544661875,2,0
2020-03-05,78.5,57.195548544661875,3,0
2020-03-06,78.5,57.195548544661875,4,0
2020-03-09,79.5,67.9761799554818,0,0
2020-03-10,79.75,70.00975396475533,1,0
2020-03-11,80.0,71.9294085588933,2,0
2020-03-12,83.0,84.63734879535794,3,0
2020-03-13,83.75,86.30638722140228,4,0
2020-03-16,85.0,88.54090544597148,0,0
2020-03-17,86.5,90.53654274486149,1,0
2020-03-18,89.25,92.95790308680833,2,0
2020-03-19,85.5,67.56915249830882,3,0
2020-03-20,85.5,67.56915249830882,4,0
2020-03-25,84.5,62.306256717487265,2,0
2020-03-26,84.5,62.306256717487265,3,1
2020-03-27,83.5,57.14425396046848,4,1
2020-03-30,83.5,57.14425396046848,0,1
2020-04-01,83.5,57.14425396046848,2,0
2020-04-02,83.5,57.14425396046848,3,0
2020-04-03,83.5,57.14425396046848,4,0
2020-04-06,85.0,63.68193782044018,0,0
2020-04-07,85.0,63.68193782044018,1,0
2020-04-08,85.0,63.68193782044018,2,0
2020-04-13,89.25,76.41442115501081,0,0
2020-04-14,90.0,77.88768864688035,1,0
2020-04-15,96.0,85.62416053191842,2,0
2020-04-16,100.0,88.51026606301528,3,0
2020-04-17,105.0,90.95478135470536,4,0
2020-04-20,105.0,90.95478135470536,0,0
2020-04-21,107.0,91.76733592816215,1,0
2020-04-22,110.0,92.81061638013395,2,0
2020-04-23,120.0,95.05853230683887,3,0
2020-04-24,117.0,86.33702727476462,4,0
2020-04-27,118.0,86.77267532394077,0,1
2020-04-28,120.0,87.62269933215514,1,1
2020-04-29,121.0,88.03666666360866,2,1
2020-04-30,118.0,79.45151003838129,3,1
2020-05-04,120.0,80.79603526865826,0,0
2020-05-05,120.0,80.79603526865824,1,0
2020-05-06,122.0,82.15054859805274,2,0
2020-05-07,122.0,82.15054859805274,3,0
2020-05-08,122.0,82.15054859805274,4,0
2020-05-11,124.5,83.92111557578252,0,0
2020-05-12,127.0,85.47296362526352,1,0
2020-05-13,133.0,88.37328558779153,2,0
2020-05-14,138.0,90.13994200061559,3,0
2020-05-15,138.0,90.13994200061559,4,0
2020-05-18,128.0,66.64949365267432,0,0
2020-05-19,124.0,59.92267250695059,1,0
2020-05-20,124.0,59.92267250695059,2,0
2020-05-21,125.0,61.06212098626474,3,0
2020-05-22,126.0,62.21891245790918,4,0
2020-05-26,129.0,65.527631205352,1,1
2020-05-27,127.0,61.651298465399385,2,1
2020-05-28,124.0,56.273817284587494,3,1
2020-05-29,125.0,57.60137043959989,4,1
2020-06-01,128.0,61.388681087613314,0,0
2020-06-02,124.0,54.4098874398998,1,0
2020-06-03,123.0,52.794035346752324,2,0
2020-06-04,123.0,52.794035346752324,3,0
2020-06-05,125.0,55.83624494750423,4,0
2020-06-08,125.0,55.83624494750423,0,0
2020-06-09,124.0,53.82477365396087,1,0
2020-06-10,124.0,53.82477365396087,2,0
2020-06-11,123.0,51.6661682697642,3,0
2020-06-12,126.0,57.21033032022219,4,0
2020-06-16,125.0,54.94777988741315,1,0
2020-06-17,124.0,52.70314837140552,2,0
2020-06-18,127.0,58.21750909194987,3,0
2020-06-19,128.0,59.895981699570456,4,0
2020-06-22,127.0,57.41222532515914,0,0
2020-06-23,127.0,57.41222532515914,1,0
2020-06-24,128.0,59.36641113803091,2,0
2020-06-25,128.0,59.36641113803091,3,0
2020-06-26,129.0,61.419546591563794,4,1
2020-06-29,129.0,61.419546591563794,0,1
2020-06-30,126.0,52.23631433235153,1,1
2020-07-01,128.0,56.86648729231214,2,0
2020-07-02,129.0,59.00627858483034,3,0
2020-07-03,127.0,53.31013356148686,4,0
2020-07-06,127.0,53.31013356148686,0,0
2020-07-07,127.0,53.31013356148686,1,0
2020-07-08,127.0,53.31013356148686,2,0
2020-07-10,127.0,53.31013356148686,4,0
2020-07-13,127.0,53.31013356148686,0,0
2020-07-14,127.0,53.31013356148686,1,0
2020-07-15,127.0,53.31013356148686,2,0
2020-07-16,130.0,63.00239552459479,3,0
2020-07-17,130.0,63.00239552459479,4,0
2020-07-20,130.0,63.00239552459479,0,0
2020-07-21,132.0,68.45491264217786,1,0
2020-07-22,133.0,70.77415036207373,2,0
2020-07-23,136.0,76.38373476757583,3,0
2020-07-24,139.0,80.42910991996754,4,0
2020-07-27,136.0,67.90287795568045,0,1
2020-07-28,135.0,64.30759650505624,1,1
2020-07-29,135.0,64.30759650505624,2,1
2020-07-30,136.0,66.37253987410233,3,1
2020-07-31,136.0,66.37253987410233,4,1
2020-08-03,136.0,66.37253987410233,0,0
2020-08-04,128.0,42.059456294118945,1,0
2020-08-05,129.0,44.782311365119874,2,0
2020-08-06,130.0,47.442202139873444,3,0
2020-08-07,132.0,52.38264135181659,4,0
2020-08-10,131.0,49.859005441150295,0,0
2020-08-11,131.0,49.859005441150295,1,0
2020-08-12,132.0,52.512325118169905,2,0
2020-08-13,133.0,55.07263350819406,3,0
2020-08-14,132.0,52.05045188088027,4,0
2020-08-17,132.0,52.05045188088027,0,0
2020-08-18,132.0,52.05045188088026,1,0
2020-08-19,134.0,57.8309185751355,2,0
2020-08-20,136.0,62.67649540691642,3,0
2020-08-21,138.0,66.78657042928256,4,0
2020-08-24,137.0,63.048099396812695,0,0
2020-08-25,137.0,63.048099396812695,1,0
2020-08-26,137.0,63.048099396812695,2,1
2020-08-27,138.0,65.46271042269314,3,1
2020-08-28,136.0,57.38605674683677,4,1
2020-08-31,135.0,53.811152148511056,0,1
2020-09-01,133.0,47.44517849466412,1,0
2020-09-02,133.0,47.44517849466412,2,0
2020-09-03,134.0,50.81905212519518,3,0
2020-09-04,132.0,44.6458309648256,4,0
2020-09-07,131.0,41.90486045894946,0,0
2020-09-08,131.0,41.90486045894945,1,0
2020-09-09,131.0,41.90486045894945,2,0
2020-09-10,131.0,41.90486045894945,3,0
2020-09-11,131.0,41.90486045894945,4,0
2020-09-14,132.0,46.64932080604704,0,0
2020-09-15,131.0,42.878217510575055,1,0
2020-09-16,145.0,74.25566139061715,2,0
2020-09-17,141.0,63.51970112856304,3,0
2020-09-18,140.0,61.13979411624934,4,0
2020-09-21,141.0,62.64696374967363,0,0
2020-09-22,144.0,66.80625412429566,1,0
2020-09-23,145.0,68.08207981972797,2,0
2020-09-24,147.0,70.52237441068065,3,0
2020-09-25,145.0,65.15753185165342,4,0
2020-09-28,145.0,65.15753185165343,0,1
2020-09-29,146.0,66.6296094889114,1,1
2020-09-30,146.0,66.6296094889114,2,1
2020-10-01,147.0,68.18836212300359,3,0
2020-10-02,150.0,72.35961014575336,4,0
2020-10-05,150.0,72.35961014575336,0,0
2020-10-06,152.0,74.90388798670492,1,0
2020-10-07,155.0,78.15250140473032,2,0
2020-10-08,158.0,80.82550859149686,3,0
2020-10-09,167.0,86.25759874849086,4,0
2020-10-13,166.0,83.42943474038948,1,0
2020-10-14,167.0,83.9945786126834,2,0
2020-10-15,171.0,86.04480691353085,3,0
2020-10-16,178.0,88.75860761718891,4,0
2020-10-19,181.0,89.68446042605711,0,0
2020-10-20,180.0,87.10903791698206,1,0
2020-10-21,183.0,88.20347619475224,2,0
2020-10-22,190.0,90.27762448502745,3,0
2020-10-23,195.0,91.43592879335952,4,0
2020-10-26,190.0,81.03849145119406,0,1
2020-10-27,181.0,66.4017018539659,1,1
2020-10-28,178.0,62.358603630231514,2,1
2020-10-29,175.0,58.521237263516,3,1
2020-10-30,169.0,51.67249261593106,4,1
2020-11-02,168.0,50.60942159047187,0,0
2020-11-03,165.0,47.455197169989866,1,0
2020-11-04,161.0,43.55717470395665,2,0
2020-11-05,157.0,40.01726156965646,3,0
2020-11-06,157.0,40.01726156965647,4,0
2020-11-09,151.0,35.06036395035426,0,0
2020-11-10,149.0,33.56774754074041,1,0
2020-11-11,162.0,48.819895242485735,2,0
2020-11-12,167.0,53.26428605602527,3,0
2020-11-13,172.0,57.26114344784198,4,0
2020-11-16,162.0,48.354373913646405,0,0
2020-11-17,163.0,49.20524497298884,1,0
2020-11-18,164.0,50.0907598200096,2,0
2020-11-19,163.0,49.16767557680898,3,0
2020-11-20,161.0,47.29063549130283,4,0
2020-11-24,160.0,46.33808793512143,1,0
2020-11-25,158.0,44.41136053308663,2,0
2020-11-26,157.0,43.43880431520257,3,1
2020-11-27,156.0,42.43797510101274,4,1
2020-11-30,155.0,41.41048623441074,0,1
2020-12-01,153.0,39.358045283677896,1,0
2020-12-02,153.0,39.358045283677896,2,0
2020-12-03,151.0,37.21865330633374,3,0
2020-12-04,150.0,36.16026949588936,4,0
2020-12-09,149.0,35.08578917453232,2,0
2020-12-10,146.0,32.0125715981365,3,0
2020-12-11,148.0,36.035083349698006,4,0
2020-12-14,151.0,41.61521370459811,0,0
2020-12-15,151.0,41.61521370459811,1,0
2020-12-16,150.0,40.25753260719718,2,0
2020-12-17,149.0,38.891123296062766,3,0
2020-12-18,150.0,41.04604400945977,4,0
2020-12-21,150.0,41.04604400945977,0,0
2020-12-22,151.0,43.36237898518075,1,0
2020-12-23,159.0,57.68586059700202,2,0
2020-12-28,164.0,63.84084026025079,0,1
2020-12-29,165.0,64.93928093856533,1,1
2020-12-30,166.0,66.04994679301095,2,1
2021-01-04,165.0,63.87097877242763,0,0
2021-01-05,160.0,54.2365658643084,1,0
2021-01-06,160.0,54.23656586430839,2,0
2021-01-07,162.0,57.229488468258,3,0
2021-01-08,161.0,55.282691132781146,4,0
2021-01-11,159.0,51.50873828280532,0,0
2021-01-12,159.0,51.50873828280532,1,0
2021-01-13,160.0,53.355239230871426,2,0
2021-01-14,159.0,51.253428263138446,3,0
2021-01-15,159.0,51.253428263138446,4,0
2021-01-19,157.0,46.96235606343117,1,0
2021-01-20,156.0,44.93655245791064,2,0
2021-01-21,156.0,44.93655245791064,3,0
2021-01-22,156.0,44.93655245791064,4,0
2021-01-25,156.0,44.93655245791064,0,0
2021-01-26,156.0,44.93655245791064,1,1
2021-01-27,154.0,39.944717385035254,2,1
2021-01-28,154.0,39.944717385035254,3,1
2021-01-29,153.0,37.52732339110883,4,1
2021-02-01,153.0,37.52732339110883,0,0
2021-02-02,153.0,37.52732339110882,1,0
2021-02-03,153.0,37.52732339110882,2,0
2021-02-04,150.0,30.1617765961754,3,0
2021-02-05,151.0,34.75846437967044,4,0
2021-02-08,151.0,34.75846437967044,0,0
2021-02-09,152.0,39.385449266530934,1,0
2021-02-10,151.0,36.59078096796707,2,0
2021-02-11,149.0,31.7399573579211,3,0
2021-02-12,150.0,36.287953101739696,4,0
2021-02-17,149.0,33.858513717111094,2,0
2021-02-18,148.0,31.581522563790358,3,0
2021-02-19,147.0,29.448747909527768,4,0
2021-02-22,147.0,29.448747909527768,0,0
2021-02-23,146.0,27.30980189359809,1,0
2021-02-24,145.0,25.32859947614766,2,0
2021-02-25,143.0,21.90578200575591,3,0
2021-02-26,146.0,35.898886562901424,4,1
2021-03-01,146.0,35.898886562901424,0,0
2021-03-02,145.0,33.573275798498486,1,0
2021-03-03,145.0,33.573275798498486,2,0
2021-03-04,144.0,31.227117484165348,3,0
2021-03-05,144.0,31.227117484165348,4,0
2021-03-08,144.0,31.227117484165348,0,0
2021-03-09,144.0,31.227117484165348,1,0
2021-03-10,143.0,28.544127213829057,2,0
2021-03-11,140.0,22.34228485183519,3,0
2021-03-12,142.0,32.821477556366375,4,0
2021-03-15,146.0,47.94951734993589,0,0
2021-03-16,144.0,42.76407318259197,1,0
2021-03-17,144.0,42.76407318259197,2,0
2021-03-18,144.0,42.76407318259197,3,0
2021-03-19,144.0,42.76407318259197,4,0
2021-03-22,144.0,42.76407318259197,0,0
2021-03-23,143.0,39.6579053648904,1,0
2021-03-25,143.0,39.6579053648904,3,0
2021-03-26,142.0,36.57670593291142,4,1
2021-03-29,142.0,36.576705932911416,0,1
2021-03-30,141.0,33.55331160556503,1,1
2021-03-31,141.0,33.55331160556503,2,1
2021-04-05,140.0,30.61810992227005,0,0
2021-04-06,140.0,30.61810992227005,1,0
2021-04-07,139.0,27.79788539954049,2,0
2021-04-08,140.0,34.31364637309518,3,0
2021-04-09,140.0,34.31364637309518,4,0
2021-04-12,142.0,45.6833158431695,0,0
2021-04-13,142.0,45.6833158431695,1,0
2021-04-14,143.0,50.63788418278417,2,0
2021-04-15,143.0,50.63788418278417,3,0
2021-04-16,142.0,45.79342736536949,4,0
2021-04-19,143.0,50.85656497130764,0,0
2021-04-20,143.0,50.85656497130764,1,0
2021-04-21,144.0,55.65980956815839,2,0
2021-04-22,147.0,66.30103593633018,3,0
2021-04-23,152.0,76.44668116617828,4,0
2021-04-26,158.0,83.04383580657749,0,1
2021-04-27,161.0,85.2660167225171,1,1
2021-04-28,162.0,85.92803499299387,2,1
2021-04-29,154.0,61.94792236663363,3,1
2021-04-30,150.0,53.8551347577661,4,1
2021-05-03,153.0,58.25942353471997,0,0
2021-05-04,154.0,59.6421733338677,1,0
2021-05-05,151.0,53.87601498726297,2,0
2021-05-06,151.0,53.87601498726297,3,0
2021-05-07,151.0,53.87601498726297,4,0
2021-05-10,152.0,55.660672960846775,0,0
2021-05-11,151.0,53.43412743467853,1,0
2021-05-12,152.0,55.357300034158904,2,0
2021-05-13,151.0,53.000019706500154,3,0
2021-05-14,153.0,56.948577649219956,4,0
2021-05-17,153.0,56.948577649219956,0,0
2021-05-18,156.0,62.43825947005858,1,0
2021-05-19,156.0,62.43825947005858,2,0
2021-05-20,155.0,59.504930743645,3,0
2021-05-21,153.0,54.03708173592639,4,0
2021-05-24,153.0,54.03708173592639,0,0
2021-05-26,155.0,58.46359556505778,2,1
2021-05-27,157.0,62.366708504840396,3,1
2021-05-28,157.0,62.366708504840396,4,1
2021-05-31,157.0,62.36670850484039,0,1
2021-06-01,155.0,55.815909497361545,1,0
2021-06-02,156.0,58.181113487876864,2,0
2021-06-03,156.0,58.181113487876864,3,0
2021-06-04,157.0,60.62559127488356,4,0
2021-06-07,157.0,60.62559127488356,0,0
2021-06-08,156.0,56.77655474718591,1,0
2021-06-09,156.0,56.77655474718591,2,0
2021-06-10,157.0,59.74090438759528,3,0
2021-06-11,158.0,62.509835050330004,4,0
2021-06-14,158.0,62.509835050330004,0,0
2021-06-15,160.0,67.6678440273778,1,0
2021-06-16,163.0,73.54700702973801,2,0
2021-06-17,163.0,73.54700702973801,3,0
2021-06-18,164.0,75.28440764801057,4,0
2021-06-22,165.0,76.91708543019176,1,0
2021-06-23,166.0,78.45014323519713,2,0
2021-06-24,170.0,83.24398162464053,3,0
2021-06-25,174.0,86.48234177203719,4,0
2021-06-28,173.0,82.20496919033744,0,1
2021-06-29,170.0,70.87904982534607,1,1
2021-06-30,168.0,64.49903034988078,2,1
2021-07-01,169.0,66.14016293692202,3,0
2021-07-02,170.0,67.74589518751877,4,0
2021-07-05,171.0,69.31310072467247,0,0
2021-07-06,171.0,69.31310072467247,1,0
2021-07-07,172.0,70.95012314327786,2,0
2021-07-08,174.0,73.94393885286198,3,0
2021-07-12,177.0,77.6626200003062,0,0
2021-07-13,176.0,73.87769778023775,1,0
2021-07-14,177.0,75.18034080610809,2,0
2021-07-15,178.0,76.44529920877926,3,0
2021-07-16,179.0,77.670866024916,4,0
2021-07-19,180.0,78.85564806865727,0,0
2021-07-20,182.0,81.02425167083551,1,0
2021-07-21,182.5,81.53414566151227,2,0
2021-07-22,184.5,83.44984647384636,3,0
2021-07-23,184.5,83.44984647384636,4,0
2021-07-26,185.0,83.93312669605305,0,1
2021-07-27,183.0,74.55495494001819,1,1
2021-07-28,180.0,63.15577094101276,2,1
2021-07-29,180.0,63.15577094101277,3,1
2021-07-30,180.5,64.21340575354694,4,1
2021-08-02,180.5,64.21340575354694,0,0
2021-08-03,180.5,64.21340575354694,1,0
2021-08-04,180.5,64.21340575354694,2,0
2021-08-05,180.5,64.21340575354694,3,0
2021-08-06,178.5,55.056327770272496,4,0
2021-08-09,179.0,56.71806580566474,0,0
2021-08-10,178.0,52.53444036619142,1,0
2021-08-11,178.0,52.534440366191426,2,0
2021-08-12,178.5,54.481411619841886,3,0
2021-08-13,182.0,65.23221048500247,4,0
2021-08-17,183.0,67.58768617170118,1,0
2021-08-18,182.0,62.9917902932286,2,0
2021-08-19,181.5,60.76682206174454,3,0
2021-08-20,182.0,62.204509671933266,4,0
2021-08-23,182.0,62.204509671933266,0,0
2021-08-24,182.0,62.204509671933266,1,0
2021-08-25,181.5,59.48211255210902,2,0
2021-08-26,181.5,59.48211255210902,3,1
2021-08-27,182.0,61.439349149629734,4,1
2021-08-30,182.0,61.43934914962973,0,1
2021-08-31,182.0,61.43934914962972,1,1
2021-09-01,180.5,52.023281281674464,2,0
2021-09-02,181.0,54.52511265432096,3,0
2021-09-03,182.0,59.116940148079884,4,0
2021-09-06,182.0,59.11694014807989,0,0
2021-09-07,183.5,65.22545954798136,1,0
2021-09-08,187.0,74.71772991952776,2,0
2021-09-09,186.5,71.70643377741624,3,0
2021-09-10,185.0,63.44537510630931,4,0
2021-09-13,181.0,47.672825801204006,0,0
2021-09-14,182.5,52.44697537180385,1,0
2021-09-15,185.0,59.1383860891529,2,0
2021-09-16,186.0,61.47368100041489,3,0
2021-09-17,185.0,57.90949254120703,4,0
2021-09-20,184.0,54.50617973567866,0,0
2021-09-21,184.0,54.50617973567866,1,0
2021-09-22,185.0,57.4091199349123,2,0
2021-09-23,185.0,57.4091199349123,3,0
2021-09-24,186.0,60.34383386818399,4,0
2021-09-27,186.5,61.76254137793385,0,1
2021-09-28,187.0,63.18106964100192,1,1
2021-09-29,187.0,63.18106964100192,2,1
2021-09-30,186.0,58.17512905314717,3,1
2021-10-01,186.0,58.17512905314717,4,0
2021-10-04,185.0,53.27929640041989,0,0
2021-10-05,185.0,53.27929640041989,1,0
2021-10-06,185.5,55.45322296010709,2,0
2021-10-07,184.5,50.40198515296572,3,0
2021-10-12,185.0,52.72095145828643,1,0
2021-10-13,185.0,52.720951458286436,2,0
2021-10-14,185.5,55.152791082719595,3,0
2021-10-15,186.5,59.62566135990731,4,0
2021-10-18,185.5,53.84255443276552,0,0
2021-10-19,187.0,60.09476788840889,1,0
2021-10-20,188.0,63.631564410911615,2,0
2021-10-21,191.0,71.7272585717905,3,0
2021-10-22,195.0,78.5753150964382,4,0
2021-10-25,194.0,73.76499034628063,0,0
2021-10-26,196.0,76.82126683619936,1,1
2021-10-27,197.0,78.18941583725626,2,1
2021-10-28,198.0,79.49297584499988,3,1
2021-10-29,197.5,77.01446556665427,4,1
2021-11-01,196.5,72.16803987952079,0,0
2021-11-02,197.5,73.93448536522197,1,0
2021-11-03,199.0,76.35835916037792,2,0
2021-11-04,199.0,76.35835916037792,3,0
2021-11-05,199.0,76.35835916037792,4,0
2021-11-08,199.0,76.35835916037792,0,0
2021-11-09,199.5,77.30459441860056,1,0
2021-11-10,205.0,84.6042199065515,2,0
2021-11-11,206.5,85.93306781555142,3,0
2021-11-12,200.0,61.2586149090845,4,0
2021-11-15,199.5,59.83534794942789,0,0
2021-11-16,200.5,61.74947715423674,1,0
2021-11-17,201.5,63.61677303671665,2,0
2021-11-18,201.0,61.98735120754051,3,0
2021-11-19,201.5,63.007721166250455,4,0
2021-11-23,201.0,61.23748360970046,1,0
2021-11-24,200.5,59.43905035965752,2,0
2021-11-25,201.0,60.68255374597902,3,0
2021-11-26,201.0,60.68255374597902,4,1
2021-11-29,201.0,60.68255374597902,0,1
2021-11-30,201.5,62.13252455940995,1,1
2021-12-01,200.5,57.560454739026575,2,0
2021-12-02,200.5,57.56045473902657,3,0
2021-12-03,200.5,57.56045473902657,4,0
2021-12-06,199.0,50.58657520897413,0,0
2021-12-07,198.0,46.538436049928734,1,0
2021-12-09,196.0,39.6963919441075,3,0
2021-12-10,196.5,41.99245221240201,4,0
2021-12-13,195.5,38.80975335773144,0,0
2021-12-14,196.5,43.427345316654794,1,0
2021-12-15,198.5,51.33683368528272,2,0
2021-12-16,198.5,51.33683368528272,3,0
2021-12-17,200.0,56.61314740104843,4,0
2021-12-20,200.0,56.61314740104843,0,0
2021-12-21,199.0,52.2342597893772,1,0
2021-12-22,200.5,57.53952706468347,2,0
2021-12-23,204.0,66.80428792120826,3,0
2021-12-27,203.5,64.63458151535579,0,1
2021-12-28,206.0,69.8988126205596,1,1
2021-12-29,209.0,74.75501888678156,2,1
2021-12-30,208.0,70.66272060986513,3,1
2022-01-03,206.0,63.20980728544039,0,0
2022-01-04,206.5,64.22566294088813,1,0
2022-01-05,207.5,66.23381508594706,2,0
2022-01-06,208.5,68.158682128757,3,0
2022-01-07,208.0,66.12883060149095,4,0
2022-01-10,206.0,58.609859078172114,0,0
2022-01-11,209.0,65.03243104735441,1,0
2022-01-12,208.5,63.270271585674486,2,0
2022-01-13,209.5,65.29568363690103,3,0
2022-01-14,209.5,65.29568363690103,4,0
2022-01-17,209.0,63.27243348528098,0,0
2022-01-18,211.0,67.59746056421699,1,0
2022-01-19,213.0,71.24421550905305,2,0
2022-01-20,214.0,72.88728249478508,3,0
2022-01-21,219.0,79.26638708981194,4,0
2022-01-24,219.0,79.26638708981194,0,0
2022-01-25,219.5,79.81711771562496,1,0
2022-01-26,221.0,81.41225100713575,2,1
2022-01-27,222.5,82.87022610347162,3,1
2022-01-28,212.5,53.01521407790196,4,1
2022-01-31,213.0,53.909315069205796,0,1
2022-02-01,214.0,55.72404475185089,1,0
2022-02-02,216.5,59.96764628994312,2,0
2022-02-03,216.0,58.754748214694644,3,0
2022-02-04,214.0,54.04589960055523,4,0
2022-02-07,214.0,54.04589960055523,0,0
2022-02-08,215.0,56.08672996994341,1,0
2022-02-09,217.0,59.92044807827259,2,0
2022-02-10,215.5,55.97357304901318,3,0
2022-02-11,215.5,55.97357304901319,4,0
2022-02-14,215.0,54.58365545597661,0,0
2022-02-15,215.0,54.58365545597662,1,0
2022-02-16,215.0,54.58365545597661,2,0
2022-02-17,214.0,51.39566815037297,3,0
2022-02-18,211.0,43.23706023516238,4,0
2022-02-21,211.5,44.80954678526142,0,0
2022-02-22,210.0,41.12850364579378,1,0
2022-02-23,210.0,41.12850364579378,2,0
2022-02-24,210.5,42.94057727956155,3,0
2022-02-25,211.0,44.77129061318254,4,0
2022-03-02,206.0,33.27425267033527,2,0
2022-03-03,204.0,29.9600878160647,3,0
2022-03-04,201.0,25.80775655417476,4,0
2022-03-07,201.0,25.80775655417476,0,0
2022-03-08,202.0,29.580769523204125,1,0
2022-03-09,204.5,38.06118927279718,2,0
2022-03-10,203.0,35.31329364305246,3,0
2022-03-11,202.0,33.57308030630068,4,0
2022-03-14,200.0,30.351566099078454,0,0
2022-03-15,200.0,30.351566099078454,1,0
2022-03-16,202.0,37.32624103379442,2,0
2022-03-17,202.0,37.32624103379442,3,0
2022-03-18,202.5,39.09462913285691,4,0
2022-03-21,202.0,37.94172396996519,0,0
2022-03-22,201.0,35.67570407595687,1,0
2022-03-23,201.0,35.67570407595687,2,0
2022-03-25,202.0,39.84253206898302,4,0
2022-03-28,200.0,34.964225163830534,0,1
2022-03-29,200.0,34.96422516383052,1,1
2022-03-30,201.0,39.275683509346706,2,1
2022-03-31,200.0,36.65851645550628,3,1
2022-04-01,200.0,36.65851645550628,4,0
2022-04-04,199.0,34.02871698068206,0,0
2022-04-05,196.0,27.62591155740381,1,0
2022-04-06,196.0,27.62591155740381,2,0
2022-04-07,196.0,27.62591155740381,3,0
2022-04-08,196.5,30.353790020275227,4,0
2022-04-11,195.0,27.05878459717607,0,0
2022-04-12,195.0,27.058784597176086,1,0
2022-04-13,195.0,27.058784597176086,2,0
2022-04-18,195.0,27.05878459717607,0,0
2022-04-19,198.0,43.544805477173036,1,0
2022-04-20,199.5,49.67005761948753,2,0
2022-04-21,202.0,57.873701453507465,3,0
2022-04-22,203.0,60.63750789681054,4,0
2022-04-25,205.5,66.54658288489749,0,0
2022-04-26,212.5,76.97104839300373,1,1
2022-04-27,206.5,59.77677937047659,2,1
2022-04-28,204.0,54.330801536757754,3,1
2022-04-29,200.5,47.7692771757729,4,1
2022-05-02,201.0,48.72202107450165,0,0
2022-05-03,203.5,53.30814663517632,1,0
2022-05-04,201.0,48.624787707626794,2,0
2022-05-05,201.5,49.578881378294184,3,0
2022-05-06,201.0,48.60676384513755,4,0
2022-05-09,201.5,49.66953001538272,0,0
2022-05-10,202.0,50.765962493831196,1,0
2022-05-11,205.0,56.84111342117711,2,0
2022-05-12,203.5,53.29974249018582,3,0
2022-05-13,203.5,53.29974249018582,4,0
2022-05-16,205.0,56.44675673967578,0,0
2022-05-17,208.0,61.966960932586076,1,0
2022-05-19,206.0,56.79845969819773,3,0
2022-05-20,204.0,52.11712630772312,4,0
2022-05-23,206.5,56.89916804832245,0,0
2022-05-24,208.0,59.51190921278247,1,0
2022-05-26,207.0,57.029881490076086,3,1
2022-05-27,206.5,55.77727480833653,4,1
2022-05-30,206.5,55.77727480833653,0,1
2022-05-31,206.0,54.39174891957688,1,1
2022-06-01,206.0,54.39174891957688,2,0
2022-06-02,206.0,54.39174891957688,3,0
2022-06-03,205.0,51.213927543557716,4,0
2022-06-06,205.0,51.213927543557716,0,0
2022-06-07,206.0,54.30983888309806,1,0
2022-06-08,208.0,59.803875172559515,2,0
2022-06-09,208.0,59.80387517255952,3,0
2022-06-10,210.0,64.72341754579614,4,0
2022-06-13,216.0,74.71953772109799,0,0
2022-06-14,224.0,82.03085699108976,1,0
2022-06-15,217.0,64.46315259105279,2,0
2022-06-16,216.0,62.40698911696977,3,0
2022-06-21,220.0,66.94833073040891,1,0
2022-06-22,224.0,70.75320279639621,2,0
2022-06-23,224.0,70.75320279639621,3,0
2022-06-24,226.0,72.58340687340862,4,0
2022-06-27,232.0,77.19417189113206,0,1
2022-06-28,239.0,81.17237169288128,1,1
2022-06-29,239.0,81.17237169288128,2,1
2022-06-30,238.0,78.89230925525055,3,1
2022-07-01,239.0,79.51206612818807,4,0
2022-07-04,260.0,87.68772671962967,0,0
2022-07-05,252.0,75.35175323520698,1,0
2022-07-06,255.0,76.6768216453345,2,0
2022-07-07,257.0,77.54355728154164,3,0
2022-07-08,273.0,82.98966718259516,4,0
2022-07-11,268.0,76.72741288780804,0,0
2022-07-12,272.0,78.1480143377664,1,0
2022-07-13,283.0,81.493565792932,2,0
2022-07-14,289.0,83.02057944811169,3,0
2022-07-15,293.0,83.97018265205818,4,0
2022-07-18,291.0,81.51539664037374,0,0
2022-07-19,301.0,84.02939304017748,1,0
2022-07-20,317.0,87.06149204934951,2,0
2022-07-21,337.0,89.69514496643743,3,0
2022-07-22,338.0,89.8068664628933,4,0
2022-07-25,322.0,75.67082000295896,0,0
2022-07-26,323.0,75.92587488135653,1,1
2022-07-27,326.0,76.71454753509005,2,1
2022-07-28,314.0,67.22736927800167,3,1
2022-07-29,296.0,56.033439957983845,4,1
2022-08-01,282.0,49.1750598015071,0,0
2022-08-02,291.0,53.14538263806579,1,0
2022-08-03,298.0,56.02288627999449,2,0
2022-08-04,291.0,52.54752141932357,3,0
2022-08-05,293.0,53.4363109801525,4,0
2022-08-08,292.0,52.90276347960792,0,0
2022-08-09,293.0,53.40380276513863,1,0
2022-08-10,295.0,54.44756746948592,2,0
2022-08-11,297.0,55.520558618538615,3,0
2022-08-12,295.0,54.14701094756757,4,0
2022-08-16,291.0,51.407751323599534,1,0
2022-08-17,292.0,52.06069413094701,2,0
2022-08-18,293.0,52.744519194788026,3,0
2022-08-19,295.0,54.15308792283145,4,0
2022-08-22,292.0,51.66536886716194,0,0
2022-08-23,297.0,55.34717157807863,1,0
2022-08-24,295.0,53.5887601860814,2,0
2022-08-25,293.0,51.81590671371937,3,0
2022-08-26,292.0,50.909029195019556,4,1
2022-08-29,292.0,50.909029195019556,0,1
2022-08-30,291.0,49.896231631957015,1,1
2022-08-31,290.0,48.84964796221016,2,1
2022-09-01,285.0,43.89230174550441,3,0
2022-09-02,285.0,43.892301745504405,4,0
2022-09-05,270.0,32.43870395630914,0,0
2022-09-06,276.0,39.26573710624574,1,0
2022-09-07,284.0,46.96145379224253,2,0
2022-09-08,280.0,43.96196599347969,3,0
2022-09-09,274.0,39.85034053840825,4,0
2022-09-12,272.0,38.55587517487615,0,0
2022-09-13,273.0,39.61211587492716,1,0
2022-09-14,277.0,43.77555650046496,2,0
2022-09-15,276.0,42.977798046089156,3,0
2022-09-16,277.0,44.07535647033784,4,0
2022-09-19,277.0,44.07535647033784,0,0
2022-09-20,287.0,54.281179778917036,1,0
2022-09-21,287.0,54.281179778917036,2,0
2022-09-22,287.0,54.281179778917036,3,0
2022-09-23,287.0,54.281179778917036,4,0
2022-09-26,286.0,52.98070689045715,0,1
2022-09-27,286.0,52.98070689045715,1,1
2022-09-28,290.0,57.683843533598896,2,1
2022-09-29,288.0,54.73577574001134,3,1
2022-09-30,288.0,54.73577574001133,4,1
2022-10-03,284.0,48.934807081453364,0,0
2022-10-04,282.0,46.29301061551285,1,0
2022-10-05,282.0,46.29301061551285,2,0
2022-10-06,277.0,40.02758924256976,3,0
2022-10-11,280.0,44.85053212657276,1,0
2022-10-12,289.0,56.22420206724233,2,0
2022-10-13,291.0,58.2831391927041,3,0
2022-10-14,290.0,56.843529579724844,4,0
2022-10-17,287.0,52.642602955623396,0,0
2022-10-18,290.0,56.13383273175929,1,0
2022-10-19,292.0,58.33886587636589,2,0
2022-10-20,291.0,56.80142180536825,3,0
2022-10-21,291.0,56.80142180536825,4,0
2022-10-24,291.0,56.80142180536825,0,0
2022-10-25,293.0,59.469550710250964,1,0
2022-10-26,292.0,57.55539151089528,2,1
2022-10-27,291.0,55.62717805265937,3,1
2022-10-28,292.0,57.17235415710914,4,1
2022-10-31,290.0,53.183462659797954,0,1
2022-11-01,290.0,53.183462659797954,1,0
2022-11-02,291.0,55.00391876250724,2,0
2022-11-03,287.0,47.11239639071138,3,0
2022-11-04,289.0,50.90517557661929,4,0
2022-11-07,290.0,52.73049717232514,0,0
2022-11-08,291.0,54.55028005530842,1,0
2022-11-09,292.0,56.35958630556493,2,0
2022-11-10,292.0,56.35958630556493,3,0
2022-11-11,293.0,58.28550194913946,4,0
2022-11-14,294.0,60.17808616441845,0,0
2022-11-15,302.0,71.3692561680999,1,0
2022-11-16,308.0,76.6657965888197,2,0
2022-11-17,307.0,74.20197883672239,3,0
2022-11-18,307.0,74.20197883672239,4,0
2022-11-22,308.0,75.12895862352272,1,0
2022-11-23,312.0,78.46261954533611,2,0
2022-11-24,319.0,82.80599389941577,3,0
2022-11-25,320.0,83.32339652552687,4,0
2022-11-28,318.0,78.25162593076125,0,1
2022-11-29,315.0,71.24626257773664,1,1
2022-11-30,314.0,69.02793535741492,2,1
2022-12-01,313.0,66.78844330445978,3,0
2022-12-02,312.0,64.53370609412586,4,0
2022-12-05,312.0,64.53370609412586,0,0
2022-12-06,315.0,68.26165160271842,1,0
2022-12-07,316.0,69.41567874252397,2,0
2022-12-12,312.0,60.01543092918572,0,0
2022-12-13,315.0,63.95765016527555,1,0
2022-12-14,320.0,69.37681269714508,2,0
2022-12-15,320.0,69.37681269714508,3,0
2022-12-16,321.0,70.40881530318899,4,0
2022-12-19,325.0,74.15999350843056,0,0
2022-12-20,326.0,75.01279455258785,1,0
2022-12-21,325.0,72.43820805791349,2,0
2022-12-22,330.0,76.73738535621055,3,0
2022-12-23,340.0,82.58739249053528,4,0
2022-12-26,346.0,85.02131858468562,0,1
2022-12-27,356.0,88.02554557919062,1,1
2022-12-28,357.0,88.27871946316,2,1
2022-12-29,350.0,76.14275059620533,3,1
2022-12-30,346.0,70.20359862596968,4,1
2023-01-02,342.0,64.76345264407325,0,0
2023-01-03,354.0,71.81877660258637,1,0
2023-01-04,354.0,71.81877660258637,2,0
2023-01-05,353.0,70.45536864417465,3,0
2023-01-06,354.0,71.04728695001056,4,0
2023-01-09,354.0,71.04728695001056,0,0
2023-01-10,355.0,71.70474222971684,1,0
2023-01-11,359.0,74.22592702737015,2,0
2023-01-12,359.0,74.22592702737015,3,0
2023-01-13,361.0,75.49222047821314,4,0
2023-01-16,369.0,79.77303738705939,0,0
2023-01-17,370.0,80.23771792033017,1,0
2023-01-18,378.0,83.50289171795102,2,0
2023-01-19,377.0,81.68607165895696,3,0
2023-01-20,374.0,76.32117470074263,4,0
2023-01-23,376.0,77.38741949626022,0,0
2023-01-24,376.0,77.38741949626022,1,0
2023-01-25,381.0,79.99875767307233,2,0
2023-01-26,383.0,80.94658763586654,3,1
2023-01-27,385.0,81.87174203414108,4,1
2023-01-30,386.0,82.3336370618569,0,1
2023-01-31,383.0,76.07159907099758,1,1
2023-02-01,381.0,72.1327932440615,2,0
2023-02-02,377.0,64.89557318944267,3,0
2023-02-03,378.0,65.81888821817623,4,0
2023-02-06,379.0,66.76040575884858,0,0
2023-02-07,373.0,56.67349535367428,1,0
2023-02-08,381.0,64.39750854171118,2,0
2023-02-09,381.0,64.39750854171118,3,0
2023-02-10,379.0,61.23245958037871,4,0
2023-02-13,377.0,58.15438917626733,0,0
2023-02-14,379.0,60.30338233284719,1,0
2023-02-15,379.0,60.30338233284719,2,0
2023-02-16,378.0,58.559481774781084,3,0
2023-02-17,377.0,56.79082759095434,4,0
2023-02-20,377.0,56.790827590954336,0,0
2023-02-21,377.0,56.790827590954336,1,0
2023-02-22,377.0,56.790827590954336,2,0
2023-02-23,377.0,56.790827590954336,3,0
2023-02-24,379.0,60.26736186616135,4,0
2023-02-27,379.0,60.26736186616135,0,1
2023-02-28,377.0,55.12363626782161,1,1
2023-03-01,375.0,50.4835096236098,2,0
2023-03-02,375.0,50.4835096236098,3,0
2023-03-03,377.0,54.8876097213388,4,0
2023-03-06,375.0,50.0898172711395,0,0
2023-03-07,372.0,43.8921290086994,1,0
2023-03-08,371.0,42.02550581264453,2,0
2023-03-09,378.0,56.099618625643515,3,0
2023-03-10,373.0,47.27198078301653,4,0
2023-03-13,373.0,47.27198078301653,0,0
2023-03-14,377.0,53.989391861046784,1,0
2023-03-15,377.0,53.989391861046784,2,0
2023-03-16,379.0,57.15461200068294,3,0
2023-03-17,383.0,62.683763199836584,4,0
2023-03-20,383.0,62.683763199836584,0,0
2023-03-21,386.0,66.44976546408817,1,0
2023-03-22,394.0,73.98854170360846,2,0
2023-03-23,391.0,67.83305210212953,3,0
2023-03-27,389.0,64.0097576914102,0,1
2023-03-28,390.0,65.06986856981914,1,1
2023-03-29,397.0,71.41675558011394,2,1
2023-03-30,393.0,64.2342817218713,3,1
2023-03-31,393.0,64.2342817218713,4,1
2023-04-03,395.0,66.205176724046,0,0
2023-04-04,392.0,60.79352538794204,1,0
2023-04-05,392.0,60.79352538794204,2,0
2023-04-10,392.0,60.79352538794204,0,0
2023-04-11,391.0,58.792767409914916,1,0
2023-04-12,394.0,62.7531135183689,2,0
2023-04-13,398.0,67.26990808151795,3,0
2023-04-14,400.0,69.27609530254657,4,0
2023-04-17,408.0,75.69387302962801,0,0
2023-04-18,418.0,81.02850549003101,1,0
2023-04-19,423.0,83.033592908803,2,0
2023-04-20,432.0,85.91853332349902,3,0
2023-04-21,442.0,88.29922779229167,4,0
2023-04-24,462.0,91.42261250620305,0,0
2023-04-25,495.0,94.18217501482245,1,0
2023-04-26,474.0,77.16794887607391,2,1
2023-04-27,467.0,72.46840593601549,3,1
2023-05-02,469.0,72.97481787246187,1,0
2023-05-03,474.0,74.25000639107654,2,0
2023-05-04,469.0,70.65945827266286,3,0
2023-05-05,468.0,69.93109296684312,4,0
2023-05-08,469.0,70.26122427774264,0,0
2023-05-09,470.0,70.60873802641545,1,0
2023-05-10,471.0,70.97401355433516,2,0
2023-05-11,472.0,71.35736751733188,3,0
2023-05-12,475.0,72.52952270110553,4,0
2023-05-15,474.0,71.47945608920195,0,0
2023-05-16,483.0,74.98906802326822,1,0
2023-05-17,488.0,76.70417630378452,2,0
2023-05-18,487.0,75.58775581257652,3,0
2023-05-19,488.0,75.96450006178392,4,0
2023-05-22,486.0,73.52071324841046,0,0
2023-05-23,490.0,75.23655922236844,1,0
2023-05-24,492.0,76.07147493607346,2,0
2023-05-29,493.0,76.49814143380028,0,1
2023-05-30,492.0,75.05686359462607,1,1
2023-05-31,493.0,75.55289474524096,2,1
2023-06-01,490.0,70.99177117030709,3,0
2023-06-02,490.0,70.99177117030709,4,0
2023-06-05,490.0,70.99177117030709,0,0
2023-06-06,485.0,63.06636822303005,1,0
2023-06-07,484.0,61.585533039712566,2,0
2023-06-08,484.0,61.585533039712566,3,0
2023-06-09,483.0,59.95290042775522,4,0
2023-06-12,484.0,61.06447967196266,0,0
2023-06-13,489.0,66.12711085490659,1,0
2023-06-14,496.0,71.67911569227405,2,0
2023-06-15,487.0,58.42065339993776,3,0
2023-06-16,492.0,62.563578018353915,4,0
2023-06-21,492.0,62.563578018353915,2,0
2023-06-22,493.0,63.40924638888713,3,0
2023-06-23,495.0,65.10694065431703,4,0
2023-06-26,493.0,62.00863009030398,0,1
2023-06-27,496.0,64.72065755676135,1,1
2023-06-28,496.0,64.72065755676135,2,1
2023-06-29,494.0,61.33535033506169,3,1
2023-06-30,493.0,59.65516230647992,4,1
2023-07-03,495.0,61.902939118688636,0,0
2023-07-04,493.0,58.399009465969804,1,0
2023-07-05,492.0,56.6717197458349,2,0
2023-07-06,491.0,54.92230358083306,3,0
2023-07-07,492.0,56.3726451960912,4,0
2023-07-10,495.0,60.480593297294085,0,0
2023-07-11,498.0,64.11903076784085,1,0
2023-07-12,503.0,69.20745706372814,2,0
2023-07-13,512.0,75.84711282457303,3,0
2023-07-14,522.0,80.80077041527649,4,0
2023-07-17,520.0,77.38244007140203,0,0
2023-07-18,520.0,77.38244007140203,1,0
2023-07-19,525.0,79.85362282491403,2,0
2023-07-20,525.0,79.85362282491403,3,0
2023-07-21,529.0,81.70792862085335,4,0
2023-07-24,552.0,88.34862966973459,0,0
2023-07-25,536.0,69.45787306531724,1,0
2023-07-26,546.0,73.3004160105878,2,1
2023-07-27,553.0,75.61330662279188,3,1
2023-07-28,551.0,73.65021197530092,4,1
2023-07-31,550.0,72.63479963055468,0,1
2023-08-01,560.0,76.17257484716744,1,0
2023-08-02,560.0,76.17257484716743,2,0
2023-08-03,570.0,79.27931591835001,3,0
2023-08-04,574.0,80.38122198167504,4,0
2023-08-07,596.0,85.08059039810014,0,0
2023-08-08,596.0,85.08059039810014,1,0
2023-08-09,600.0,85.79793166537125,2,0
2023-08-10,602.0,86.15634135957004,3,0
2023-08-11,605.0,86.69859395988675,4,0
2023-08-14,685.0,93.74014590869406,0,0
2023-08-15,730.0,95.26014440261176,1,0
2023-08-16,780.0,96.32725969194644,2,0
2023-08-17,760.0,87.81116207724233,3,0
2023-08-18,720.0,73.76503326734678,4,0
2023-08-22,727.0,74.53276836069834,1,0
2023-08-23,735.0,75.41813338811951,2,0
2023-08-24,725.0,72.04644168569209,3,0
2023-08-25,730.0,72.70354404933543,4,0
2023-08-28,738.0,73.76612738832821,0,1
2023-08-29,750.0,75.3181915071994,1,1
2023-08-30,740.0,71.52081926509803,2,1
2023-08-31,735.0,69.6304901305482,3,1
2023-09-01,735.0,69.6304901305482,4,0
2023-09-04,730.0,67.55957998871529,0,0
2023-09-05,725.0,65.46285520078595,1,0
2023-09-06,720.0,63.345682942568686,2,0
2023-09-07,720.0,63.345682942568686,3,0
2023-09-08,710.0,58.925276125224855,4,0
2023-09-11,717.0,60.97803112626344,0,0
2023-09-12,730.0,64.52394202058372,1,0
2023-09-13,735.0,65.81076657298237,2,0
2023-09-14,722.0,59.74299777102773,3,0
2023-09-15,730.0,62.06117818884192,4,0
2023-09-18,738.0,64.276536808526,0,0
2023-09-19,740.0,64.82945889939403,1,0
2023-09-20,735.0,62.23601501217706,2,0
2023-09-21,745.0,65.23174097074278,3,0
2023-09-22,745.0,65.23174097074278,4,0
2023-09-25,745.0,65.23174097074276,0,0
2023-09-26,752.0,67.48669394167092,1,1
2023-09-27,773.0,73.11921076910647,2,1
2023-09-28,785.0,75.70883281376976,3,1
2023-09-29,805.0,79.28988261873066,4,1
2023-10-02,798.0,75.11593692349514,0,0
2023-10-03,805.0,76.45095458182827,1,0
2023-10-04,845.0,82.29595813220601,2,0
2023-10-05,843.0,81.21058566099698,3,0
2023-10-06,895.0,86.27790904950162,4,0
2023-10-09,930.0,88.52174296264226,0,0
2023-10-10,1025.0,92.23382653464776,1,0
2023-10-11,1020.0,90.5735731179515,2,0
2023-10-12,970.0,75.86670886357001,3,0
2023-10-17,985.0,77.0696258617509,1,0
2023-10-18,930.0,64.3951896472118,2,0
2023-10-19,900.0,58.72245044178536,3,0
2023-10-20,900.0,58.722450441785355,4,0
2023-10-23,1100.0,75.44625859323395,0,0
2023-10-24,1075.0,71.54422887385294,1,0
2023-10-25,1000.0,61.301212483516835,2,0
2023-10-26,980.0,58.8803128477837,3,1
2023-10-27,990.0,59.736510088092444,4,1
2023-10-30,970.0,57.172465224043414,0,1
2023-10-31,920.0,51.249977804806,1,1
2023-11-01,915.0,50.68454955554362,2,0
2023-11-02,915.0,50.68454955554362,3,0
2023-11-03,920.0,51.30758747592625,4,0
2023-11-07,890.0,47.43528788467574,1,0
2023-11-08,890.0,47.43528788467574,2,0
2023-11-09,950.0,55.266355910805615,3,0
2023-11-10,955.0,55.856552092133974,4,0
2023-11-13,925.0,51.468799891398916,0,0
2023-11-14,925.0,51.468799891398916,1,0
2023-11-15,1000.0,60.471751489566884,2,0
2023-11-16,960.0,54.648984734831906,3,0
2023-11-17,950.0,53.2680649287235,4,0
2023-11-21,1075.0,65.12954067170978,1,0
2023-11-22,1075.0,65.12954067170978,2,0
2023-11-23,1055.0,62.19996674126118,3,0
2023-11-24,1000.0,54.8881927970694,4,0
2023-11-27,995.0,54.263690658385784,0,1
2023-11-28,975.0,51.72839464513656,1,1
2023-11-29,930.0,46.46775843811624,2,1
2023-11-30,895.0,42.82023160833076,3,1
2023-12-01,955.0,50.057649354567836,4,0
2023-12-04,950.0,49.495424885326265,0,0
2023-12-05,910.0,45.128599578656264,1,0
2023-12-06,930.0,47.61713976158,2,0
2023-12-07,995.0,54.792976811780605,3,0
2023-12-11,980.0,52.98899711414097,0,0
2023-12-12,1005.0,55.61203987334278,1,0
2023-12-13,1115.0,64.89374415514374,2,0
2023-12-14,995.0,52.09584056227937,3,0
2023-12-15,970.0,49.888448648974865,4,0
2023-12-18,985.0,51.223874056034106,0,0
2023-12-19,995.0,52.13957106922105,1,0
2023-12-20,995.0,52.13957106922105,2,0
2023-12-21,975.0,49.96386663397151,3,0
2023-12-22,980.0,50.51975676121836,4,0
2023-12-26,995.0,52.23421944415999,1,1
2023-12-27,1000.0,52.82104358236509,2,1
2023-12-28,1000.0,52.82104358236509,3,1
2023-12-29,1015.0,54.75502400789499,4,1
2024-01-02,1015.0,54.75502400789499,1,0
2024-01-03,1005.0,53.0729125344356,2,0
2024-01-04,1015.0,54.57572064013385,3,0
2024-01-05,1020.0,55.34573279876341,4,0
2024-01-08,1030.0,56.91867675814738,0,0
2024-01-09,1120.0,67.88357625499083,1,0
2024-01-10,1150.0,70.57223866270739,2,0
2024-01-11,1120.0,64.7359186800318,3,0
2024-01-12,1120.0,64.7359186800318,4,0
2024-01-15,1135.0,66.34966038590275,0,0
2024-01-16,1160.0,68.90378679215505,1,0
2024-01-17,1240.0,75.35117497663565,2,0
2024-01-18,1240.0,75.35117497663565,3,0
2024-01-19,1225.0,72.10041634022846,4,0
2024-01-22,1235.0,72.9385984858591,0,0
2024-01-23,1240.0,73.36939912262524,1,0
2024-01-24,1255.0,74.67206139242516,2,0
2024-01-25,1255.0,74.67206139242516,3,0
2024-01-26,1220.0,65.94303241441582,4,1
2024-01-29,1225.0,66.54470374499473,0,1
2024-01-30,1215.0,64.10541756933078,1,1
2024-01-31,1195.0,59.41451418682092,2,1
2024-02-01,1185.0,57.16221793733804,3,0
2024-02-02,1180.0,56.018757551977345,4,0
2024-02-05,1170.0,53.70487944515883,0,0
2024-02-06,1140.0,47.38185318562173,1,0
2024-02-07,1175.0,54.16239815121612,2,0
2024-02-08,1145.0,48.40463382237401,3,0
2024-02-09,1145.0,48.40463382237401,4,0
2024-02-14,1125.0,44.72828780160308,2,0
2024-02-15,1060.0,35.335257102932076,3,0
2024-02-16,1085.0,40.509890331206776,4,0
2024-02-19,1110.0,45.22987345170381,0,0
2024-02-20,1110.0,45.22987345170381,1,0
2024-02-21,1115.0,46.21960860762809,2,0
2024-02-22,1085.0,41.387064663979395,3,0
2024-02-23,1085.0,41.387064663979395,4,0
2024-02-26,1080.0,40.5671990209367,0,1
2024-02-27,1075.0,39.71983469240983,1,1
2024-02-28,1045.0,34.99643310502621,2,1
2024-02-29,1030.0,32.89037225311661,3,1
2024-03-01,1040.0,35.66980042946551,4,0
2024-03-04,1020.0,32.74849694283189,0,0
2024-03-05,1010.0,31.365311863985013,1,0
2024-03-06,995.0,29.361991635258676,2,0
2024-03-07,980.0,27.47234262685123,3,0
2024-03-08,985.0,29.110077377442025,4,0
2024-03-11,990.0,30.79303962026583,0,0
2024-03-12,1020.0,39.99744151358757,1,0
2024-03-13,1030.0,42.73160355306279,2,0
2024-03-14,1035.0,44.10310679415867,3,0
2024-03-15,1020.0,40.93579388500868,4,0
2024-03-18,1025.0,42.42020877293609,0,0
2024-03-19,1035.0,45.377003211874,1,0
2024-03-20,1030.0,44.15605840041518,2,0
2024-03-21,1030.0,44.15605840041519,3,0
2024-03-22,1020.0,41.562133387428524,4,0
2024-03-25,1020.0,41.562133387428524,0,0
2024-03-26,1015.0,40.19296600382372,1,1
2024-03-27,1010.0,38.815905206140506,2,1
2024-04-03,1005.0,37.4346880595763,2,0
2024-04-04,1000.0,36.053097034629964,3,0
2024-04-05,985.0,32.212208337600444,4,0
2024-04-08,985.0,32.212208337600444,0,0
2024-04-09,990.0,34.89360405725941,1,0
2024-04-10,1000.0,40.004996079880016,2,0
2024-04-11,995.0,38.38242893414641,3,0
2024-04-12,1005.0,43.33276986511044,4,0
2024-04-15,1005.0,43.33276986511044,0,0
2024-04-16,1040.0,57.26816987814242,1,0
2024-04-17,1035.0,55.180509707419,2,0
2024-04-18,1030.0,53.096050492254115,3,0
2024-04-19,1015.0,47.3208606236923,4,0
2024-04-22,1025.0,51.136619987203716,0,0
2024-04-23,1030.0,52.97089198770285,1,0
2024-04-24,1035.0,54.798235935794565,2,0
2024-04-25,1045.0,58.28898770324057,3,0
2024-04-26,1055.0,61.491595733667204,4,1
2024-04-29,1045.0,56.79535291285895,0,1
2024-04-30,1040.0,54.551987367892366,1,1
2024-05-02,1040.0,54.551987367892366,3,0
2024-05-03,1035.0,52.162445977164005,4,0
2024-05-06,1045.0,56.28658585922389,0,0
2024-05-07,1040.0,53.7895926315882,1,0
2024-05-08,1040.0,53.7895926315882,2,0
2024-05-09,1045.0,56.0507623988078,3,0
2024-05-10,1040.0,53.24496319525213,4,0
2024-05-13,1045.0,55.63654430781884,0,0
2024-05-14,1060.0,61.928213826524065,1,0
2024-05-15,1080.0,68.36946817073378,2,0
2024-05-16,1100.0,73.24438126417002,3,0
2024-05-17,1105.0,74.31034716215734,4,0
2024-05-20,1160.0,82.54732222835969,0,0
2024-05-21,1230.0,87.87562513077738,1,0
2024-05-22,1270.0,89.79323994146372,2,0
2024-05-23,1290.0,90.59427068304126,3,0
2024-05-24,1240.0,74.79135053429174,4,0
2024-05-27,1210.0,67.21533410203287,0,1
2024-05-28,1210.0,67.21533410203287,1,1
2024-05-29,1220.0,68.45078695133907,2,1
2024-05-30,1230.0,69.68120320305802,3,1
2024-05-31,1230.0,69.681203203058,4,1
2024-06-03,1235.0,70.35170904031413,0,0
2024-06-04,1265.0,74.05867568107927,1,0
2024-06-05,1255.0,70.87747771206449,2,0
2024-06-06,1250.0,69.27516596226779,3,0
2024-06-07,1260.0,70.70174299146956,4,0
2024-06-10,1285.0,73.95724054053024,0,0
2024-06-11,1295.0,75.14684292928663,1,0
2024-06-12,1285.0,71.62349895141818,2,0
2024-06-13,1245.0,59.58837605274323,3,0
2024-06-14,1280.0,65.11243595427095,4,0
2024-06-18,1305.0,68.43182529755973,1,0
2024-06-19,1300.0,67.05762389233081,2,0
2024-06-24,1330.0,70.8411643010816,0,0
2024-06-25,1360.0,74.0507761276477,1,0
2024-06-26,1370.0,75.03714643575638,2,1
2024-06-27,1355.0,70.69616982947682,3,1
2024-06-28,1365.0,71.86474179920522,4,1
2024-07-01,1405.0,75.98932541738138,0,0
2024-07-02,1425.0,77.74600247936908,1,0
2024-07-03,1410.0,73.40812155393795,2,0
2024-07-04,1395.0,69.24722773359723,3,0
2024-07-05,1420.0,72.08699381250004,4,0
2024-07-08,1440.0,74.14399432470752,0,0
2024-07-10,1440.0,74.14399432470752,2,0
2024-07-11,1465.0,76.63965959145173,3,0
2024-07-12,1500.0,79.60730640519228,4,0
2024-07-15,1420.0,60.64355263852516,0,0
2024-07-16,1395.0,56.142656018410996,1,0
2024-07-17,1465.0,64.16293615236405,2,0
2024-07-18,1455.0,62.407163431618535,3,0
2024-07-19,1440.0,59.76530727883724,4,0
2024-07-22,1440.0,59.76530727883724,0,0
2024-07-23,1445.0,60.4131561608026,1,0
2024-07-24,1445.0,60.4131561608026,2,0
2024-07-25,1445.0,60.4131561608026,3,0
2024-07-26,1435.0,58.0772100697073,4,1
2024-07-29,1415.0,53.61232189451075,0,1
2024-07-30,1385.0,47.68980473708911,1,1
2024-07-31,1360.0,43.38832363441873,2,1
2024-08-01,1380.0,47.47031378061572,3,0
2024-08-02,1395.0,50.36121357852225,4,0
2024-08-05,1395.0,50.36121357852225,0,0
2024-08-06,1370.0,45.519049180000366,1,0
2024-08-07,1380.0,47.6857934693503,2,0
2024-08-08,1375.0,46.68601343285703,3,0
2024-08-09,1355.0,42.81882881168614,4,0
2024-08-12,1350.0,41.884739030006145,0,0
2024-08-13,1355.0,43.21870218752958,1,0
2024-08-14,1355.0,43.21870218752957,2,0
2024-08-15,1350.0,42.098014444154785,3,0
2024-08-16,1345.0,40.95435255574552,4,0
2024-08-19,1350.0,42.632712233151345,0,0
2024-08-20,1355.0,44.33664026364527,1,0
2024-08-21,1355.0,44.336640263645265,2,0
2024-08-22,1350.0,42.86021771529877,3,0
2024-08-23,1350.0,42.860217715298774,4,0
2024-08-24,1350.0,42.860217715298774,5,0
2024-08-25,1350.0,42.860217715298774,6,0
2024-08-26,1350.0,42.860217715298774,0,1
2024-08-27,1340.0,39.08920387021208,1,1
2024-08-28,1335.0,37.32108016547634,2,1
2024-08-29,1315.0,31.234949123838774,3,1
2024-08-30,1305.0,28.713618985571244,4,1
2024-08-31,1305.0,28.713618985571244,5,1
2024-09-01,1305.0,28.713618985571244,6,0
2024-09-02,1305.0,28.713618985571244,0,0
2024-09-03,1310.0,32.38428839937724,1,0
2024-09-04,1305.0,30.68283939979625,2,0
2024-09-05,1265.0,21.122026325998405,3,0
2024-09-06,1260.0,20.271702776881682,4,0
2024-09-07,1260.0,20.271702776881682,5,0
2024-09-08,1260.0,20.271702776881682,6,0
2024-09-09,1270.0,27.556722981508088,0,0
2024-09-10,1280.0,34.04665002516778,1,0
2024-09-11,1285.0,37.08175032230864,2,0
2024-09-12,1280.0,35.33079801091222,3,0
2024-09-13,1265.0,30.654387074184385,4,0
2024-09-14,1265.0,30.654387074184385,5,0
2024-09-15,1265.0,30.65438707418437,6,0
2024-09-16,1275.0,37.53830633174343,0,0
2024-09-17,1270.0,35.63358692975714,1,0
2024-09-18,1260.0,32.12294624473296,2,0
2024-09-19,1240.0,26.499749403285065,3,0
2024-09-20,1245.0,29.807867785615258,4,0
2024-09-21,1245.0,29.807867785615244,5,0
2024-09-22,1245.0,29.807867785615258,6,0
2024-09-23,1245.0,29.807867785615258,0,0
2024-09-24,1245.0,29.807867785615244,1,0
2024-09-25,1240.0,27.983479189000263,2,0
2024-09-26,1230.0,24.72418805640318,3,1
2024-09-27,1245.0,36.644363477367996,4,1
2024-09-28,1245.0,36.644363477367996,5,1
2024-09-29,1245.0,36.644363477367996,6,1
2024-09-30,1235.0,32.375550303418194,0,1
2024-10-01,1220.0,27.247993945870675,1,0
2024-10-02,1215.0,25.78218798757183,2,0
2024-10-03,1205.0,23.105089864292324,3,0
2024-10-04,1195.0,20.781275642986458,4,0
2024-10-05,1195.0,20.781275642986458,5,0
2024-10-06,1195.0,20.781275642986458,6,0
2024-10-07,1185.0,18.462122529488667,0,0
2024-10-08,1175.0,16.481349671664688,1,0
2024-10-09,1175.0,16.481349671664688,2,0
2024-10-10,1180.0,21.373092458509404,3,0
2024-10-11,1180.0,21.373092458509404,4,0
2024-10-12,1180.0,21.373092458509404,5,0
2024-10-13,1180.0,21.373092458509404,6,0
2024-10-14,1190.0,32.07536887300053,0,0
2024-10-15,1235.0,59.072491276787964,1,0
2024-10-16,1220.0,51.69658379307329,2,0
2024-10-17,1220.0,51.69658379307329,3,0
2024-10-18,1225.0,53.92083036658967,4,0
2024-10-19,1225.0,53.92083036658967,5,0
2024-10-20,1225.0,53.92083036658967,6,0
2024-10-21,1240.0,60.701283982470834,0,0
2024-10-22,1245.0,62.67298385471487,1,0
2024-10-23,1230.0,53.931054418797366,2,0
2024-10-24,1215.0,46.88782696523315,3,0
2024-10-25,1225.0,51.44082560813263,4,0
2024-10-26,1225.0,51.44082560813263,5,1
2024-10-27,1225.0,51.44082560813262,6,1
2024-10-28,1220.0,48.82693751506534,0,1
2024-10-29,1195.0,38.33739879506185,1,1
2024-10-30,1180.0,33.6643239593339,2,1
2024-10-31,1190.0,39.00241706021477,3,1
2024-11-01,1190.0,39.00241706021477,4,0
2024-11-02,1190.0,39.00241706021475,5,0
2024-11-03,1190.0,39.00241706021477,6,0
2024-11-04,1170.0,32.061832437346226,0,0
2024-11-05,1135.0,24.009657124307665,1,0
2024-11-06,1135.0,24.009657124307665,2,0
2024-11-07,1120.0,21.345151153432028,3,0
2024-11-08,1135.0,29.74191141116576,4,0
2024-11-09,1135.0,29.74191141116576,5,0
2024-11-10,1135.0,29.74191141116576,6,0
2024-11-11,1135.0,29.74191141116576,0,0
2024-11-12,1135.0,29.74191141116576,1,0
2024-11-13,1140.0,33.18586103981923,2,0
2024-11-14,1140.0,33.18586103981923,3,0
2024-11-15,1140.0,33.18586103981923,4,0
2024-11-16,1140.0,33.18586103981923,5,0
2024-11-17,1140.0,33.18586103981923,6,0
2024-11-18,1140.0,33.18586103981923,0,0
2024-11-19,1135.0,30.828525952867565,1,0
2024-11-20,1135.0,30.828525952867565,2,0
2024-11-21,1130.0,28.482086272372754,3,0
2024-11-22,1135.0,33.900123284660026,4,0
2024-11-23,1135.0,33.900123284660026,5,0
2024-11-24,1135.0,33.900123284660026,6,0
2024-11-25,1130.0,30.969775064500297,0,0
2024-11-26,1135.0,36.848539229409475,1,1
2024-11-27,1125.0,31.137166343073858,2,1
2024-11-28,1120.0,28.738657093270177,3,1
2024-11-29,1120.0,28.738657093270177,4,1
2024-11-30,1120.0,28.738657093270177,5,1
2024-12-01,1120.0,28.738657093270177,6,0
2024-12-02,1100.0,20.31805470434371,0,0
2024-12-03,1090.0,17.549263134107647,1,0
2024-12-04,1080.0,15.303411427620986,2,0
2024-12-05,1055.0,11.381845176703848,3,0
2024-12-06,1050.0,10.78650300166477,4,0
2024-12-07,1050.0,10.78650300166477,5,0
2024-12-08,1050.0,10.78650300166477,6,0
2024-12-09,1065.0,25.406021015197126,0,0
2024-12-10,1070.0,29.550264713542447,1,0
2024-12-11,1080.0,37.079461090797764,2,0
2024-12-12,1095.0,46.34290284430806,3,0
2024-12-13,1105.0,51.47226525507762,4,0
2024-12-14,1105.0,51.47226525507762,5,0
2024-12-15,1105.0,51.47226525507762,6,0
2024-12-16,1125.0,60.82657595420962,0,0
2024-12-17,1165.0,72.31912311105437,1,0
2024-12-18,1205.0,78.96499614470143,2,0
2024-12-19,1175.0,66.13937939203743,3,0
2024-12-20,1160.0,60.82018272031213,4,0
2024-12-21,1160.0,60.82018272031213,5,0
2024-12-22,1160.0,60.82018272031213,6,0
2024-12-23,1200.0,69.09769133253769,0,0
2024-12-24,1200.0,69.09769133253769,1,0
2024-12-25,1200.0,69.09769133253769,2,0
2024-12-26,1210.0,71.01008887827612,3,1
2024-12-27,1215.0,71.94496226420532,4,1
2024-12-28,1215.0,71.94496226420532,5,1
2024-12-29,1215.0,71.94496226420532,6,1
2024-12-30,1230.0,74.96944864612838,0,1
2024-12-31,1230.0,74.96944864612838,1,1
2025-01-01,1230.0,74.96944864612838,2,0
2025-01-02,1215.0,66.07296071020087,3,0
2025-01-03,1205.0,60.885645749203896,4,0
2025-01-04,1205.0,60.885645749203896,5,0
2025-01-05,1205.0,60.885645749203896,6,0
2025-01-06,1205.0,60.885645749203896,0,0
2025-01-07,1215.0,64.62155504525245,1,0
2025-01-08,1220.0,66.35206182000988,2,0
2025-01-09,1220.0,66.35206182000988,3,0
2025-01-10,1225.0,68.15839902244001,4,0
2025-01-11,1225.0,68.15839902244001,5,0
2025-01-12,1225.0,68.15839902244001,6,0
2025-01-13,1250.0,76.15301906548943,0,0
2025-01-14,1240.0,68.72053265041791,1,0
2025-01-15,1225.0,59.36155872697484,2,0
2025-01-16,1235.0,62.981138879235225,3,0
2025-01-17,1235.0,62.981138879235225,4,0
2025-01-18,1235.0,62.981138879235225,5,0
2025-01-19,1235.0,62.981138879235225,6,0
2025-01-20,1240.0,65.07326509736775,0,0
2025-01-21,1235.0,61.33996391447998,1,0
2025-01-22,1240.0,63.589542888849095,2,0
2025-01-23,1240.0,63.589542888849095,3,0
2025-01-24,1225.0,52.883073112959956,4,0
2025-01-25,1225.0,52.883073112959956,5,0
2025-01-26,1225.0,52.883073112959956,6,1
2025-01-27,1230.0,55.96944030424667,0,1
2025-01-28,1230.0,55.96944030424667,1,1
2025-01-29,1220.0,48.58714549863954,2,1
2025-01-30,1220.0,48.58714549863954,3,1
2025-01-31,1220.0,48.58714549863954,4,1
2025-02-01,1220.0,48.58714549863954,5,0
2025-02-02,1220.0,48.58714549863954,6,0
2025-02-03,1220.0,48.58714549863954,0,0
2025-02-04,1215.0,44.0549064491428,1,0
2025-02-05,1215.0,44.054906449142806,2,0
2025-02-06,1210.0,39.754164182251984,3,0
2025-02-07,1205.0,35.972330763748744,4,0
2025-02-08,1205.0,35.97233076374873,5,0
2025-02-09,1205.0,35.972330763748744,6,0
2025-02-10,1205.0,35.97233076374873,0,0
2025-02-11,1215.0,49.01893290990358,1,0
2025-02-12,1220.0,54.059507654080384,2,0
2025-02-13,1225.0,58.480391189907465,3,0
2025-02-14,1220.0,52.98898335133128,4,0
2025-02-15,1220.0,52.98898335133128,5,0
2025-02-16,1220.0,52.98898335133128,6,0
2025-02-17,1235.0,65.22449595151588,0,0
2025-02-18,1235.0,65.22449595151588,1,0
2025-02-19,1225.0,54.29792549887168,2,0
2025-02-20,1225.0,54.29792549887168,3,0
2025-02-21,1230.0,58.344477248725624,4,0
2025-02-22,1230.0,58.344477248725624,5,0
2025-02-23,1230.0,58.344477248725624,6,0
2025-02-24,1240.0,65.88894181041934,0,0
2025-02-25,1240.0,65.88894181041934,1,0
2025-02-26,1230.0,54.45136612641868,2,1
2025-02-27,1225.0,49.79681600947755,3,1
2025-02-28,1230.0,54.02875929594501,4,1
2025-03-01,1230.0,54.02875929594501,5,0
2025-03-02,1230.0,54.02875929594501,6,0
2025-03-03,1230.0,54.028759295945015,0,0
2025-03-04,1230.0,54.028759295945015,1,0
2025-03-05,1225.0,48.14948599271958,2,0
2025-03-06,1215.0,39.0071435895201,3,0
2025-03-07,1215.0,39.0071435895201,4,0
2025-03-08,1215.0,39.0071435895201,5,0
2025-03-09,1215.0,39.0071435895201,6,0
2025-03-10,1225.0,51.415227785890906,0,0
2025-03-11,1220.0,46.339147456458804,1,0
2025-03-12,1230.0,55.748851211796904,2,0
2025-03-13,1235.0,59.56664806899979,3,0
2025-03-14,1240.0,63.00402694839827,4,0
2025-03-15,1240.0,63.00402694839827,5,0
2025-03-16,1240.0,63.00402694839828,6,0
2025-03-17,1255.0,71.94169771771827,0,0
2025-03-18,1285.0,81.54468043267713,1,0
2025-03-19,1280.0,76.82532592525011,2,0
2025-03-20,1265.0,64.7234061578911,3,0
2025-03-21,1280.0,69.8398482552622,4,0
2025-03-22,1280.0,69.8398482552622,5,0
2025-03-23,1280.0,69.8398482552622,6,0
2025-03-24,1280.0,69.8398482552622,0,0
2025-03-25,1295.0,74.76313903943914,1,0
2025-03-26,1310.0,78.53634363698019,2,1
2025-03-27,1300.0,70.92331488287357,3,1
2025-03-28,1300.0,70.92331488287357,4,1
2025-03-29,1300.0,70.92331488287356,5,1
2025-03-30,1300.0,70.92331488287356,6,1
2025-03-31,1325.0,78.07123521283197,0,1
2025-04-01,1315.0,70.59545964447904,1,0
2025-04-02,1315.0,70.59545964447904,2,0
2025-04-03,1310.0,66.881715505199,3,0
2025-04-04,1310.0,66.881715505199,4,0
2025-04-05,1310.0,66.88171550519901,5,0
2025-04-06,1310.0,66.88171550519901,6,0
