fecha,dolar_blue
2017-01-02,16.99
2017-01-03,17.11
2017-01-04,16.96
2017-01-05,16.87
2017-01-06,16.86
2017-01-09,16.88
2017-01-10,16.85
2017-01-11,16.8
2017-01-12,16.83
2017-01-13,16.79
2017-01-16,16.81
2017-01-17,16.85
2017-01-18,16.88
2017-01-19,16.89
2017-01-20,16.86
2017-01-23,16.88
2017-01-24,16.87
2017-01-25,16.85
2017-01-26,16.8
2017-01-27,16.8
2017-01-30,16.7
2017-01-31,16.64
2017-02-01,16.61
2017-02-02,16.51
2017-02-03,16.48
2017-02-06,16.48
2017-02-07,16.49
2017-02-08,16.48
2017-02-09,16.43
2017-02-10,16.43
2017-02-13,16.45
2017-02-14,16.41
2017-02-15,16.32
2017-02-16,16.28
2017-02-17,16.48
2017-02-20,16.49
2017-02-21,16.42
2017-02-22,16.35
2017-02-23,16.26
2017-02-24,16.28
2017-03-01,16.24
2017-03-02,16.02
2017-03-03,16.07
2017-03-06,16.1
2017-03-07,16.09
2017-03-08,16.02
2017-03-09,16.02
2017-03-10,16.04
2017-03-13,16.08
2017-03-14,16.07
2017-03-15,16.06
2017-03-16,16.04
2017-03-17,16.07
2017-03-20,16.2
2017-03-21,16.13
2017-03-22,16.08
2017-03-23,16.09
2017-03-27,16.11
2017-03-28,16.07
2017-03-29,15.9
2017-03-30,15.89
2017-03-31,15.98
2017-04-03,15.99
2017-04-04,15.88
2017-04-05,15.87
2017-04-06,15.87
2017-04-07,15.69
2017-04-10,15.63
2017-04-11,15.69
2017-04-12,15.69
2017-04-17,15.91
2017-04-18,15.87
2017-04-19,16.1
2017-04-20,16.09
2017-04-21,16.09
2017-04-24,16.12
2017-04-25,16.1
2017-04-26,16.06
2017-04-27,15.95
2017-04-28,15.99
2017-05-02,15.97
2017-05-03,15.89
2017-05-04,15.91
2017-05-05,15.91
2017-05-08,16.01
2017-05-09,15.95
2017-05-10,15.94
2017-05-11,15.92
2017-05-12,15.93
2017-05-15,15.97
2017-05-16,16.05
2017-05-17,16.06
2017-05-18,16.2
2017-05-19,16.11
2017-05-22,16.22
2017-05-23,16.28
2017-05-24,16.29
2017-05-26,16.34
2017-05-29,16.41
2017-05-30,16.45
2017-05-31,16.39
2017-06-01,16.3
2017-06-02,16.32
2017-06-05,16.34
2017-06-06,16.38
2017-06-07,16.36
2017-06-08,16.34
2017-06-09,16.35
2017-06-12,16.41
2017-06-13,16.48
2017-06-14,16.51
2017-06-15,16.49
2017-06-16,16.53
2017-06-19,16.64
2017-06-21,16.7
2017-06-22,16.53
2017-06-23,16.56
2017-06-26,16.67
2017-06-27,16.72
2017-06-28,16.67
2017-06-29,16.71
2017-06-30,16.84
2017-07-03,16.84
2017-07-04,16.96
2017-07-05,17.21
2017-07-06,17.25
2017-07-07,17.2
2017-07-10,17.3
2017-07-11,17.42
2017-07-12,17.5
2017-07-13,17.6
2017-07-14,17.57
2017-07-17,17.72
2017-07-18,17.84
2017-07-19,17.82
2017-07-20,17.84
2017-07-21,17.96
2017-07-24,18.05
2017-07-25,18.14
2017-07-26,18.27
2017-07-27,18.42
2017-07-28,18.43
2017-07-31,18.09
2017-08-01,18.09
2017-08-02,18.26
2017-08-03,18.18
2017-08-04,18.15
2017-08-07,18.19
2017-08-08,18.4
2017-08-09,18.41
2017-08-10,18.48
2017-08-11,18.48
2017-08-14,18.1
2017-08-15,18.15
2017-08-16,18.3
2017-08-17,18.35
2017-08-18,18.3
2017-08-22,18.32
2017-08-23,18.3
2017-08-24,18.26
2017-08-25,18.28
2017-08-28,18.31
2017-08-29,18.29
2017-08-30,18.26
2017-08-31,18.26
2017-09-01,18.15
2017-09-04,18.1
2017-09-05,17.99
2017-09-06,17.95
2017-09-07,17.83
2017-09-08,17.88
2017-09-11,17.94
2017-09-12,17.88
2017-09-13,17.85
2017-09-14,17.86
2017-09-15,17.84
2017-09-18,17.92
2017-09-19,17.95
2017-09-20,17.97
2017-09-21,17.95
2017-09-22,17.95
2017-09-25,17.97
2017-09-26,18.05
2017-09-27,17.99
2017-09-28,17.97
2017-09-29,17.91
2017-10-02,17.96
2017-10-03,17.9
2017-10-04,17.82
2017-10-05,17.8
2017-10-06,17.78
2017-10-09,17.87
2017-10-10,17.86
2017-10-11,17.85
2017-10-12,17.89
2017-10-13,17.9
2017-10-17,18.02
2017-10-18,18.05
2017-10-19,17.98
2017-10-20,18.01
2017-10-23,18.07
2017-10-24,18.14
2017-10-25,18.1
2017-10-26,18.08
2017-10-27,18.12
2017-10-30,18.15
2017-10-31,18.1
2017-11-01,18.03
2017-11-02,18.03
2017-11-03,18.01
2017-11-07,18.0
2017-11-08,17.9
2017-11-09,17.95
2017-11-10,17.98
2017-11-13,18.08
2017-11-14,18.07
2017-11-15,18.06
2017-11-16,18.06
2017-11-17,18.09
2017-11-21,18.12
2017-11-22,18.14
2017-11-23,18.1
2017-11-24,18.07
2017-11-27,18.11
2017-11-28,18.14
2017-11-29,18.12
2017-11-30,17.96
2017-12-01,18.01
2017-12-04,18.07
2017-12-05,17.96
2017-12-06,17.95
2017-12-07,17.88
2017-12-11,17.93
2017-12-12,17.95
2017-12-13,17.93
2017-12-14,17.96
2017-12-15,18.09
2017-12-18,18.25
2017-12-19,18.16
2017-12-20,18.06
2017-12-21,18.09
2017-12-22,18.3
2017-12-26,18.9
2017-12-27,19.05
2017-12-28,19.27
2017-12-29,19.28
2018-01-02,19.25
2018-01-03,19.29
2018-01-04,19.41
2018-01-05,19.45
2018-01-08,19.58
2018-01-09,19.54
2018-01-10,19.32
2018-01-11,19.41
2018-01-12,19.54
2018-01-15,19.61
2018-01-16,19.6
2018-01-17,19.62
2018-01-18,19.64
2018-01-19,19.69
2018-01-22,19.8
2018-01-23,19.88
2018-01-24,20.03
2018-01-25,19.96
2018-01-26,19.98
2018-01-29,20.03
2018-01-30,20.04
2018-01-31,19.95
2018-02-01,19.93
2018-02-02,19.92
2018-02-05,19.92
2018-02-06,19.89
2018-02-07,19.85
2018-02-08,19.93
2018-02-09,20.23
2018-02-14,19.96
2018-02-15,19.86
2018-02-16,19.91
2018-02-19,20.23
2018-02-20,20.16
2018-02-21,20.11
2018-02-22,20.07
2018-02-23,20.1
2018-02-26,20.37
2018-02-27,20.28
2018-02-28,20.27
2018-03-01,20.28
2018-03-02,20.4
2018-03-05,20.28
2018-03-06,20.43
2018-03-07,20.5
2018-03-08,20.51
2018-03-09,20.61
2018-03-12,20.69
2018-03-13,20.67
2018-03-14,20.77
2018-03-15,20.82
2018-03-16,20.89
2018-03-19,20.92
2018-03-20,20.97
2018-03-21,20.98
2018-03-22,20.9
2018-03-23,20.94
2018-03-26,20.88
2018-03-27,20.76
2018-03-28,20.76
2018-04-03,20.82
2018-04-04,20.6
2018-04-05,20.38
2018-04-06,20.64
2018-04-09,20.51
2018-04-10,20.4
2018-04-11,20.44
2018-04-12,20.48
2018-04-13,20.47
2018-04-16,20.48
2018-04-17,20.61
2018-04-18,20.63
2018-04-19,20.55
2018-04-20,20.58
2018-04-23,20.57
2018-04-24,20.59
2018-04-25,20.56
2018-04-26,20.68
2018-04-27,20.88
2018-05-02,21.1
2018-05-03,21.55
2018-05-04,21.7
2018-05-07,22.0
2018-05-08,22.7
2018-05-09,23.15
2018-05-10,23.3
2018-05-11,24.25
2018-05-14,26.8
2018-05-15,24.8
2018-05-16,25.0
2018-05-17,25.2
2018-05-18,25.4
2018-05-21,25.4
2018-05-22,25.4
2018-05-23,25.4
2018-05-24,25.55
2018-05-28,25.85
2018-05-29,25.85
2018-05-30,25.9
2018-05-31,25.97
2018-06-01,26.0
2018-06-04,26.0
2018-06-05,25.9
2018-06-06,25.55
2018-06-07,25.55
2018-06-08,25.8
2018-06-11,26.1
2018-06-12,26.3
2018-06-13,26.6
2018-06-14,27.9
2018-06-15,28.1
2018-06-18,28.15
2018-06-19,28.35
2018-06-21,28.0
2018-06-22,27.95
2018-06-25,27.95
2018-06-26,28.0
2018-06-27,27.95
2018-06-28,28.15
2018-06-29,28.95
2018-07-02,28.95
2018-07-03,29.0
2018-07-04,28.95
2018-07-05,28.9
2018-07-06,28.9
2018-07-10,28.5
2018-07-11,28.43
2018-07-12,28.45
2018-07-13,28.68
2018-07-16,28.85
2018-07-17,28.8
2018-07-18,28.65
2018-07-19,28.65
2018-07-20,28.75
2018-07-23,28.67
2018-07-24,28.6
2018-07-25,28.6
2018-07-26,28.55
2018-07-27,28.6
2018-07-30,28.4
2018-07-31,28.25
2018-08-01,28.2
2018-08-02,28.15
2018-08-03,28.05
2018-08-06,28.1
2018-08-07,27.75
2018-08-08,27.8
2018-08-09,27.95
2018-08-10,29.0
2018-08-13,29.7
2018-08-14,29.3
2018-08-15,29.8
2018-08-16,29.65
2018-08-17,29.9
2018-08-21,30.35
2018-08-22,30.75
2018-08-23,31.0
2018-08-24,31.65
2018-08-27,32.45
2018-08-28,33.3
2018-08-29,34.15
2018-08-30,40.0
2018-08-31,37.5
2018-09-03,38.0
2018-09-04,38.5
2018-09-05,38.5
2018-09-06,36.75
2018-09-07,36.5
2018-09-10,37.25
2018-09-11,38.5
2018-09-12,38.0
2018-09-13,38.75
2018-09-14,39.0
2018-09-17,40.0
2018-09-18,39.75
2018-09-19,39.0
2018-09-20,38.75
2018-09-21,38.25
2018-09-24,38.25
2018-09-25,38.25
2018-09-26,38.25
2018-09-27,38.5
2018-09-28,39.75
2018-10-01,38.5
2018-10-02,38.5
2018-10-03,38.5
2018-10-04,38.0
2018-10-05,38.0
2018-10-08,37.75
2018-10-09,37.5
2018-10-10,37.5
2018-10-11,37.5
2018-10-12,37.75
2018-10-16,37.0
2018-10-17,37.0
2018-10-18,37.25
2018-10-19,37.0
2018-10-22,36.5
2018-10-23,37.0
2018-10-24,37.0
2018-10-25,36.75
2018-10-26,36.75
2018-10-29,36.5
2018-10-30,36.0
2018-10-31,35.75
2018-11-01,35.5
2018-11-02,35.5
2018-11-05,35.25
2018-11-06,35.25
2018-11-07,35.0
2018-11-08,34.75
2018-11-09,34.75
2018-11-12,35.25
2018-11-13,36.25
2018-11-14,35.75
2018-11-15,35.25
2018-11-16,35.5
2018-11-20,35.5
2018-11-21,35.75
2018-11-22,35.75
2018-11-23,37.0
2018-11-26,38.25
2018-11-27,37.0
2018-11-28,36.75
2018-11-29,36.75
2018-12-03,36.0
2018-12-04,36.5
2018-12-05,37.0
2018-12-06,36.75
2018-12-07,36.75
2018-12-10,37.0
2018-12-11,37.5
2018-12-12,37.5
2018-12-13,37.75
2018-12-14,38.0
2018-12-17,38.25
2018-12-18,39.0
2018-12-19,38.5
2018-12-20,38.25
2018-12-21,38.75
2018-12-26,40.5
2018-12-27,40.0
2018-12-28,40.5
2019-01-02,40.5
2019-01-03,40.25
2019-01-04,40.0
2019-01-07,39.5
2019-01-08,39.25
2019-01-09,39.75
2019-01-10,39.25
2019-01-11,39.25
2019-01-14,39.0
2019-01-15,39.25
2019-01-16,39.25
2019-01-17,39.0
2019-01-18,39.0
2019-01-21,38.75
2019-01-22,38.75
2019-01-23,39.0
2019-01-24,38.5
2019-01-25,38.25
2019-01-28,38.25
2019-01-29,38.5
2019-01-30,38.25
2019-01-31,37.5
2019-02-01,37.75
2019-02-04,37.5
2019-02-05,37.3
2019-02-06,37.25
2019-02-07,37.75
2019-02-08,37.5
2019-02-11,38.0
2019-02-12,38.0
2019-02-13,38.25
2019-02-14,38.5
2019-02-15,38.75
2019-02-18,38.75
2019-02-19,39.0
2019-02-20,39.75
2019-02-21,39.25
2019-02-22,38.75
2019-02-25,38.75
2019-02-26,39.25
2019-02-27,39.0
2019-02-28,39.0
2019-03-01,39.0
2019-03-06,40.5
2019-03-07,42.5
2019-03-08,41.0
2019-03-11,41.0
2019-03-12,41.25
2019-03-13,41.5
2019-03-14,41.0
2019-03-15,41.0
2019-03-18,41.0
2019-03-19,41.25
2019-03-20,41.25
2019-03-21,41.25
2019-03-22,41.75
2019-03-25,41.9
2019-03-26,42.55
2019-03-27,44.0
2019-03-28,43.8
2019-03-29,43.65
2019-04-01,43.5
2019-04-03,43.5
2019-04-04,43.65
2019-04-05,44.0
2019-04-08,44.0
2019-04-09,44.0
2019-04-10,44.0
2019-04-11,44.0
2019-04-12,43.65
2019-04-15,43.5
2019-04-16,43.8
2019-04-17,43.45
2019-04-22,44.35
2019-04-23,44.15
2019-04-24,44.5
2019-04-25,46.0
2019-04-26,46.1
2019-04-29,45.07
2019-04-30,46.0
2019-05-02,46.25
2019-05-03,45.75
2019-05-06,46.5
2019-05-07,46.0
2019-05-08,46.0
2019-05-09,46.0
2019-05-10,46.0
2019-05-13,46.0
2019-05-14,46.0
2019-05-15,46.0
2019-05-16,46.0
2019-05-17,46.1
2019-05-20,46.35
2019-05-21,46.25
2019-05-22,46.1
2019-05-23,46.2
2019-05-24,46.15
2019-05-27,46.15
2019-05-28,46.2
2019-05-29,46.2
2019-05-30,45.9
2019-05-31,46.0
2019-06-03,46.1
2019-06-04,46.0
2019-06-05,45.6
2019-06-06,45.65
2019-06-07,45.7
2019-06-10,45.5
2019-06-11,45.5
2019-06-12,45.3
2019-06-13,45.3
2019-06-14,45.2
2019-06-18,45.15
2019-06-19,44.9
2019-06-21,44.5
2019-06-24,44.44
2019-06-25,44.1
2019-06-26,44.2
2019-06-27,44.2
2019-06-28,43.8
2019-07-01,43.45
2019-07-02,43.5
2019-07-03,43.05
2019-07-04,42.9
2019-07-05,42.9
2019-07-10,42.8
2019-07-11,43.2
2019-07-12,43.25
2019-07-15,43.75
2019-07-16,44.45
2019-07-17,44.2
2019-07-18,43.95
2019-07-19,43.95
2019-07-22,44.05
2019-07-23,44.25
2019-07-24,44.6
2019-07-25,44.95
2019-07-26,44.95
2019-07-29,45.15
2019-07-30,45.15
2019-07-31,45.2
2019-08-01,45.43
2019-08-02,45.9
2019-08-05,46.6
2019-08-06,46.4
2019-08-07,46.5
2019-08-08,46.72
2019-08-09,46.9
2019-08-12,57.0
2019-08-13,57.0
2019-08-14,62.0
2019-08-15,59.0
2019-08-16,59.0
2019-08-20,58.0
2019-08-21,58.5
2019-08-22,58.0
2019-08-23,58.0
2019-08-26,57.5
2019-08-27,59.0
2019-08-28,60.5
2019-08-29,60.75
2019-08-30,63.0
2019-09-02,63.5
2019-09-03,61.0
2019-09-04,59.0
2019-09-05,59.0
2019-09-06,59.0
2019-09-09,59.0
2019-09-10,58.75
2019-09-11,59.0
2019-09-12,60.0
2019-09-13,61.5
2019-09-16,61.5
2019-09-17,62.0
2019-09-18,62.75
2019-09-19,63.0
2019-09-20,62.75
2019-09-23,62.25
2019-09-24,61.75
2019-09-25,61.75
2019-09-26,62.0
2019-09-27,61.5
2019-09-30,61.25
2019-10-01,60.75
2019-10-02,61.5
2019-10-03,61.0
2019-10-04,61.25
2019-10-07,61.25
2019-10-08,61.5
2019-10-09,61.75
2019-10-10,63.0
2019-10-11,63.5
2019-10-15,63.5
2019-10-16,64.5
2019-10-17,67.5
2019-10-18,65.25
2019-10-21,66.25
2019-10-22,67.25
2019-10-23,69.75
2019-10-24,69.75
2019-10-25,75.75
2019-10-28,74.0
2019-10-29,67.0
2019-10-30,67.0
2019-10-31,69.0
2019-11-01,67.5
2019-11-04,65.5
2019-11-05,64.5
2019-11-06,65.0
2019-11-07,64.0
2019-11-08,65.25
2019-11-11,64.5
2019-11-12,65.5
2019-11-13,66.75
2019-11-14,66.75
2019-11-15,66.75
2019-11-19,66.5
2019-11-20,66.75
2019-11-21,66.75
2019-11-22,68.5
2019-11-25,68.0
2019-11-26,68.25
2019-11-27,69.25
2019-11-28,69.75
2019-11-29,69.25
2019-12-02,68.25
2019-12-03,68.5
2019-12-04,69.0
2019-12-05,70.0
2019-12-06,71.0
2019-12-09,70.0
2019-12-10,69.5
2019-12-11,68.5
2019-12-12,66.5
2019-12-13,66.75
2019-12-16,72.5
2019-12-17,74.0
2019-12-18,76.0
2019-12-19,75.75
2019-12-20,75.0
2019-12-23,76.75
2019-12-26,80.0
2019-12-27,78.5
2019-12-30,78.5
2020-01-02,77.0
2020-01-03,77.0
2020-01-06,77.25
2020-01-07,76.25
2020-01-08,76.5
2020-01-09,76.5
2020-01-10,76.5
2020-01-13,76.5
2020-01-14,77.5
2020-01-15,78.0
2020-01-16,77.75
2020-01-17,77.75
2020-01-20,78.0
2020-01-21,77.5
2020-01-22,77.75
2020-01-23,77.75
2020-01-24,78.5
2020-01-27,78.0
2020-01-28,78.25
2020-01-29,78.25
2020-01-30,78.0
2020-01-31,78.0
2020-02-03,78.0
2020-02-04,78.0
2020-02-05,78.0
2020-02-06,77.5
2020-02-07,77.5
2020-02-10,77.0
2020-02-11,77.5
2020-02-12,78.25
2020-02-13,78.9
2020-02-14,77.9
2020-02-17,78.0
2020-02-18,78.7
2020-02-19,78.9
2020-02-20,78.8
2020-02-21,78.8
2020-02-26,78.7
2020-02-27,78.5
2020-02-28,78.5
2020-03-02,78.5
2020-03-03,78.5
2020-03-04,78.5
2020-03-05,78.5
2020-03-06,78.5
2020-03-09,79.5
2020-03-10,79.75
2020-03-11,80.0
2020-03-12,83.0
2020-03-13,83.75
2020-03-16,85.0
2020-03-17,86.5
2020-03-18,89.25
2020-03-19,85.5
2020-03-20,85.5
2020-03-25,84.5
2020-03-26,84.5
2020-03-27,83.5
2020-03-30,83.5
2020-04-01,83.5
2020-04-02,83.5
2020-04-03,83.5
2020-04-06,85.0
2020-04-07,85.0
2020-04-08,85.0
2020-04-13,89.25
2020-04-14,90.0
2020-04-15,96.0
2020-04-16,100.0
2020-04-17,105.0
2020-04-20,105.0
2020-04-21,107.0
2020-04-22,110.0
2020-04-23,120.0
2020-04-24,117.0
2020-04-27,118.0
2020-04-28,120.0
2020-04-29,121.0
2020-04-30,118.0
2020-05-04,120.0
2020-05-05,120.0
2020-05-06,122.0
2020-05-07,122.0
2020-05-08,122.0
2020-05-11,124.5
2020-05-12,127.0
2020-05-13,133.0
2020-05-14,138.0
2020-05-15,138.0
2020-05-18,128.0
2020-05-19,124.0
2020-05-20,124.0
2020-05-21,125.0
2020-05-22,126.0
2020-05-26,129.0
2020-05-27,127.0
2020-05-28,124.0
2020-05-29,125.0
2020-06-01,128.0
2020-06-02,124.0
2020-06-03,123.0
2020-06-04,123.0
2020-06-05,125.0
2020-06-08,125.0
2020-06-09,124.0
2020-06-10,124.0
2020-06-11,123.0
2020-06-12,126.0
2020-06-16,125.0
2020-06-17,124.0
2020-06-18,127.0
2020-06-19,128.0
2020-06-22,127.0
2020-06-23,127.0
2020-06-24,128.0
2020-06-25,128.0
2020-06-26,129.0
2020-06-29,129.0
2020-06-30,126.0
2020-07-01,128.0
2020-07-02,129.0
2020-07-03,127.0
2020-07-06,127.0
2020-07-07,127.0
2020-07-08,127.0
2020-07-10,127.0
2020-07-13,127.0
2020-07-14,127.0
2020-07-15,127.0
2020-07-16,130.0
2020-07-17,130.0
2020-07-20,130.0
2020-07-21,132.0
2020-07-22,133.0
2020-07-23,136.0
2020-07-24,139.0
2020-07-27,136.0
2020-07-28,135.0
2020-07-29,135.0
2020-07-30,136.0
2020-07-31,136.0
2020-08-03,136.0
2020-08-04,128.0
2020-08-05,129.0
2020-08-06,130.0
2020-08-07,132.0
2020-08-10,131.0
2020-08-11,131.0
2020-08-12,132.0
2020-08-13,133.0
2020-08-14,132.0
2020-08-17,132.0
2020-08-18,132.0
2020-08-19,134.0
2020-08-20,136.0
2020-08-21,138.0
2020-08-24,137.0
2020-08-25,137.0
2020-08-26,137.0
2020-08-27,138.0
2020-08-28,136.0
2020-08-31,135.0
2020-09-01,133.0
2020-09-02,133.0
2020-09-03,134.0
2020-09-04,132.0
2020-09-07,131.0
2020-09-08,131.0
2020-09-09,131.0
2020-09-10,131.0
2020-09-11,131.0
2020-09-14,132.0
2020-09-15,131.0
2020-09-16,145.0
2020-09-17,141.0
2020-09-18,140.0
2020-09-21,141.0
2020-09-22,144.0
2020-09-23,145.0
2020-09-24,147.0
2020-09-25,145.0
2020-09-28,145.0
2020-09-29,146.0
2020-09-30,146.0
2020-10-01,147.0
2020-10-02,150.0
2020-10-05,150.0
2020-10-06,152.0
2020-10-07,155.0
2020-10-08,158.0
2020-10-09,167.0
2020-10-13,166.0
2020-10-14,167.0
2020-10-15,171.0
2020-10-16,178.0
2020-10-19,181.0
2020-10-20,180.0
2020-10-21,183.0
2020-10-22,190.0
2020-10-23,195.0
2020-10-26,190.0
2020-10-27,181.0
2020-10-28,178.0
2020-10-29,175.0
2020-10-30,169.0
2020-11-02,168.0
2020-11-03,165.0
2020-11-04,161.0
2020-11-05,157.0
2020-11-06,157.0
2020-11-09,151.0
2020-11-10,149.0
2020-11-11,162.0
2020-11-12,167.0
2020-11-13,172.0
2020-11-16,162.0
2020-11-17,163.0
2020-11-18,164.0
2020-11-19,163.0
2020-11-20,161.0
2020-11-24,160.0
2020-11-25,158.0
2020-11-26,157.0
2020-11-27,156.0
2020-11-30,155.0
2020-12-01,153.0
2020-12-02,153.0
2020-12-03,151.0
2020-12-04,150.0
2020-12-09,149.0
2020-12-10,146.0
2020-12-11,148.0
2020-12-14,151.0
2020-12-15,151.0
2020-12-16,150.0
2020-12-17,149.0
2020-12-18,150.0
2020-12-21,150.0
2020-12-22,151.0
2020-12-23,159.0
2020-12-28,164.0
2020-12-29,165.0
2020-12-30,166.0
2021-01-04,165.0
2021-01-05,160.0
2021-01-06,160.0
2021-01-07,162.0
2021-01-08,161.0
2021-01-11,159.0
2021-01-12,159.0
2021-01-13,160.0
2021-01-14,159.0
2021-01-15,159.0
2021-01-19,157.0
2021-01-20,156.0
2021-01-21,156.0
2021-01-22,156.0
2021-01-25,156.0
2021-01-26,156.0
2021-01-27,154.0
2021-01-28,154.0
2021-01-29,153.0
2021-02-01,153.0
2021-02-02,153.0
2021-02-03,153.0
2021-02-04,150.0
2021-02-05,151.0
2021-02-08,151.0
2021-02-09,152.0
2021-02-10,151.0
2021-02-11,149.0
2021-02-12,150.0
2021-02-17,149.0
2021-02-18,148.0
2021-02-19,147.0
2021-02-22,147.0
2021-02-23,146.0
2021-02-24,145.0
2021-02-25,143.0
2021-02-26,146.0
2021-03-01,146.0
2021-03-02,145.0
2021-03-03,145.0
2021-03-04,144.0
2021-03-05,144.0
2021-03-08,144.0
2021-03-09,144.0
2021-03-10,143.0
2021-03-11,140.0
2021-03-12,142.0
2021-03-15,146.0
2021-03-16,144.0
2021-03-17,144.0
2021-03-18,144.0
2021-03-19,144.0
2021-03-22,144.0
2021-03-23,143.0
2021-03-25,143.0
2021-03-26,142.0
2021-03-29,142.0
2021-03-30,141.0
2021-03-31,141.0
2021-04-05,140.0
2021-04-06,140.0
2021-04-07,139.0
2021-04-08,140.0
2021-04-09,140.0
2021-04-12,142.0
2021-04-13,142.0
2021-04-14,143.0
2021-04-15,143.0
2021-04-16,142.0
2021-04-19,143.0
2021-04-20,143.0
2021-04-21,144.0
2021-04-22,147.0
2021-04-23,152.0
2021-04-26,158.0
2021-04-27,161.0
2021-04-28,162.0
2021-04-29,154.0
2021-04-30,150.0
2021-05-03,153.0
2021-05-04,154.0
2021-05-05,151.0
2021-05-06,151.0
2021-05-07,151.0
2021-05-10,152.0
2021-05-11,151.0
2021-05-12,152.0
2021-05-13,151.0
2021-05-14,153.0
2021-05-17,153.0
2021-05-18,156.0
2021-05-19,156.0
2021-05-20,155.0
2021-05-21,153.0
2021-05-24,153.0
2021-05-26,155.0
2021-05-27,157.0
2021-05-28,157.0
2021-05-31,157.0
2021-06-01,155.0
2021-06-02,156.0
2021-06-03,156.0
2021-06-04,157.0
2021-06-07,157.0
2021-06-08,156.0
2021-06-09,156.0
2021-06-10,157.0
2021-06-11,158.0
2021-06-14,158.0
2021-06-15,160.0
2021-06-16,163.0
2021-06-17,163.0
2021-06-18,164.0
2021-06-22,165.0
2021-06-23,166.0
2021-06-24,170.0
2021-06-25,174.0
2021-06-28,173.0
2021-06-29,170.0
2021-06-30,168.0
2021-07-01,169.0
2021-07-02,170.0
2021-07-05,171.0
2021-07-06,171.0
2021-07-07,172.0
2021-07-08,174.0
2021-07-12,177.0
2021-07-13,176.0
2021-07-14,177.0
2021-07-15,178.0
2021-07-16,179.0
2021-07-19,180.0
2021-07-20,182.0
2021-07-21,182.5
2021-07-22,184.5
2021-07-23,184.5
2021-07-26,185.0
2021-07-27,183.0
2021-07-28,180.0
2021-07-29,180.0
2021-07-30,180.5
2021-08-02,180.5
2021-08-03,180.5
2021-08-04,180.5
2021-08-05,180.5
2021-08-06,178.5
2021-08-09,179.0
2021-08-10,178.0
2021-08-11,178.0
2021-08-12,178.5
2021-08-13,182.0
2021-08-17,183.0
2021-08-18,182.0
2021-08-19,181.5
2021-08-20,182.0
2021-08-23,182.0
2021-08-24,182.0
2021-08-25,181.5
2021-08-26,181.5
2021-08-27,182.0
2021-08-30,182.0
2021-08-31,182.0
2021-09-01,180.5
2021-09-02,181.0
2021-09-03,182.0
2021-09-06,182.0
2021-09-07,183.5
2021-09-08,187.0
2021-09-09,186.5
2021-09-10,185.0
2021-09-13,181.0
2021-09-14,182.5
2021-09-15,185.0
2021-09-16,186.0
2021-09-17,185.0
2021-09-20,184.0
2021-09-21,184.0
2021-09-22,185.0
2021-09-23,185.0
2021-09-24,186.0
2021-09-27,186.5
2021-09-28,187.0
2021-09-29,187.0
2021-09-30,186.0
2021-10-01,186.0
2021-10-04,185.0
2021-10-05,185.0
2021-10-06,185.5
2021-10-07,184.5
2021-10-12,185.0
2021-10-13,185.0
2021-10-14,185.5
2021-10-15,186.5
2021-10-18,185.5
2021-10-19,187.0
2021-10-20,188.0
2021-10-21,191.0
2021-10-22,195.0
2021-10-25,194.0
2021-10-26,196.0
2021-10-27,197.0
2021-10-28,198.0
2021-10-29,197.5
2021-11-01,196.5
2021-11-02,197.5
2021-11-03,199.0
2021-11-04,199.0
2021-11-05,199.0
2021-11-08,199.0
2021-11-09,199.5
2021-11-10,205.0
2021-11-11,206.5
2021-11-12,200.0
2021-11-15,199.5
2021-11-16,200.5
2021-11-17,201.5
2021-11-18,201.0
2021-11-19,201.5
2021-11-23,201.0
2021-11-24,200.5
2021-11-25,201.0
2021-11-26,201.0
2021-11-29,201.0
2021-11-30,201.5
2021-12-01,200.5
2021-12-02,200.5
2021-12-03,200.5
2021-12-06,199.0
2021-12-07,198.0
2021-12-09,196.0
2021-12-10,196.5
2021-12-13,195.5
2021-12-14,196.5
2021-12-15,198.5
2021-12-16,198.5
2021-12-17,200.0
2021-12-20,200.0
2021-12-21,199.0
2021-12-22,200.5
2021-12-23,204.0
2021-12-27,203.5
2021-12-28,206.0
2021-12-29,209.0
2021-12-30,208.0
2022-01-03,206.0
2022-01-04,206.5
2022-01-05,207.5
2022-01-06,208.5
2022-01-07,208.0
2022-01-10,206.0
2022-01-11,209.0
2022-01-12,208.5
2022-01-13,209.5
2022-01-14,209.5
2022-01-17,209.0
2022-01-18,211.0
2022-01-19,213.0
2022-01-20,214.0
2022-01-21,219.0
2022-01-24,219.0
2022-01-25,219.5
2022-01-26,221.0
2022-01-27,222.5
2022-01-28,212.5
2022-01-31,213.0
2022-02-01,214.0
2022-02-02,216.5
2022-02-03,216.0
2022-02-04,214.0
2022-02-07,214.0
2022-02-08,215.0
2022-02-09,217.0
2022-02-10,215.5
2022-02-11,215.5
2022-02-14,215.0
2022-02-15,215.0
2022-02-16,215.0
2022-02-17,214.0
2022-02-18,211.0
2022-02-21,211.5
2022-02-22,210.0
2022-02-23,210.0
2022-02-24,210.5
2022-02-25,211.0
2022-03-02,206.0
2022-03-03,204.0
2022-03-04,201.0
2022-03-07,201.0
2022-03-08,202.0
2022-03-09,204.5
2022-03-10,203.0
2022-03-11,202.0
2022-03-14,200.0
2022-03-15,200.0
2022-03-16,202.0
2022-03-17,202.0
2022-03-18,202.5
2022-03-21,202.0
2022-03-22,201.0
2022-03-23,201.0
2022-03-25,202.0
2022-03-28,200.0
2022-03-29,200.0
2022-03-30,201.0
2022-03-31,200.0
2022-04-01,200.0
2022-04-04,199.0
2022-04-05,196.0
2022-04-06,196.0
2022-04-07,196.0
2022-04-08,196.5
2022-04-11,195.0
2022-04-12,195.0
2022-04-13,195.0
2022-04-18,195.0
2022-04-19,198.0
2022-04-20,199.5
2022-04-21,202.0
2022-04-22,203.0
2022-04-25,205.5
2022-04-26,212.5
2022-04-27,206.5
2022-04-28,204.0
2022-04-29,200.5
2022-05-02,201.0
2022-05-03,203.5
2022-05-04,201.0
2022-05-05,201.5
2022-05-06,201.0
2022-05-09,201.5
2022-05-10,202.0
2022-05-11,205.0
2022-05-12,203.5
2022-05-13,203.5
2022-05-16,205.0
2022-05-17,208.0
2022-05-19,206.0
2022-05-20,204.0
2022-05-23,206.5
2022-05-24,208.0
2022-05-26,207.0
2022-05-27,206.5
2022-05-30,206.5
2022-05-31,206.0
2022-06-01,206.0
2022-06-02,206.0
2022-06-03,205.0
2022-06-06,205.0
2022-06-07,206.0
2022-06-08,208.0
2022-06-09,208.0
2022-06-10,210.0
2022-06-13,216.0
2022-06-14,224.0
2022-06-15,217.0
2022-06-16,216.0
2022-06-21,220.0
2022-06-22,224.0
2022-06-23,224.0
2022-06-24,226.0
2022-06-27,232.0
2022-06-28,239.0
2022-06-29,239.0
2022-06-30,238.0
2022-07-01,239.0
2022-07-04,260.0
2022-07-05,252.0
2022-07-06,255.0
2022-07-07,257.0
2022-07-08,273.0
2022-07-11,268.0
2022-07-12,272.0
2022-07-13,283.0
2022-07-14,289.0
2022-07-15,293.0
2022-07-18,291.0
2022-07-19,301.0
2022-07-20,317.0
2022-07-21,337.0
2022-07-22,338.0
2022-07-25,322.0
2022-07-26,323.0
2022-07-27,326.0
2022-07-28,314.0
2022-07-29,296.0
2022-08-01,282.0
2022-08-02,291.0
2022-08-03,298.0
2022-08-04,291.0
2022-08-05,293.0
2022-08-08,292.0
2022-08-09,293.0
2022-08-10,295.0
2022-08-11,297.0
2022-08-12,295.0
2022-08-16,291.0
2022-08-17,292.0
2022-08-18,293.0
2022-08-19,295.0
2022-08-22,292.0
2022-08-23,297.0
2022-08-24,295.0
2022-08-25,293.0
2022-08-26,292.0
2022-08-29,292.0
2022-08-30,291.0
2022-08-31,290.0
2022-09-01,285.0
2022-09-02,285.0
2022-09-05,270.0
2022-09-06,276.0
2022-09-07,284.0
2022-09-08,280.0
2022-09-09,274.0
2022-09-12,272.0
2022-09-13,273.0
2022-09-14,277.0
2022-09-15,276.0
2022-09-16,277.0
2022-09-19,277.0
2022-09-20,287.0
2022-09-21,287.0
2022-09-22,287.0
2022-09-23,287.0
2022-09-26,286.0
2022-09-27,286.0
2022-09-28,290.0
2022-09-29,288.0
2022-09-30,288.0
2022-10-03,284.0
2022-10-04,282.0
2022-10-05,282.0
2022-10-06,277.0
2022-10-11,280.0
2022-10-12,289.0
2022-10-13,291.0
2022-10-14,290.0
2022-10-17,287.0
2022-10-18,290.0
2022-10-19,292.0
2022-10-20,291.0
2022-10-21,291.0
2022-10-24,291.0
2022-10-25,293.0
2022-10-26,292.0
2022-10-27,291.0
2022-10-28,292.0
2022-10-31,290.0
2022-11-01,290.0
2022-11-02,291.0
2022-11-03,287.0
2022-11-04,289.0
2022-11-07,290.0
2022-11-08,291.0
2022-11-09,292.0
2022-11-10,292.0
2022-11-11,293.0
2022-11-14,294.0
2022-11-15,302.0
2022-11-16,308.0
2022-11-17,307.0
2022-11-18,307.0
2022-11-22,308.0
2022-11-23,312.0
2022-11-24,319.0
2022-11-25,320.0
2022-11-28,318.0
2022-11-29,315.0
2022-11-30,314.0
2022-12-01,313.0
2022-12-02,312.0
2022-12-05,312.0
2022-12-06,315.0
2022-12-07,316.0
2022-12-12,312.0
2022-12-13,315.0
2022-12-14,320.0
2022-12-15,320.0
2022-12-16,321.0
2022-12-19,325.0
2022-12-20,326.0
2022-12-21,325.0
2022-12-22,330.0
2022-12-23,340.0
2022-12-26,346.0
2022-12-27,356.0
2022-12-28,357.0
2022-12-29,350.0
2022-12-30,346.0
2023-01-02,342.0
2023-01-03,354.0
2023-01-04,354.0
2023-01-05,353.0
2023-01-06,354.0
2023-01-09,354.0
2023-01-10,355.0
2023-01-11,359.0
2023-01-12,359.0
2023-01-13,361.0
2023-01-16,369.0
2023-01-17,370.0
2023-01-18,378.0
2023-01-19,377.0
2023-01-20,374.0
2023-01-23,376.0
2023-01-24,376.0
2023-01-25,381.0
2023-01-26,383.0
2023-01-27,385.0
2023-01-30,386.0
2023-01-31,383.0
2023-02-01,381.0
2023-02-02,377.0
2023-02-03,378.0
2023-02-06,379.0
2023-02-07,373.0
2023-02-08,381.0
2023-02-09,381.0
2023-02-10,379.0
2023-02-13,377.0
2023-02-14,379.0
2023-02-15,379.0
2023-02-16,378.0
2023-02-17,377.0
2023-02-20,377.0
2023-02-21,377.0
2023-02-22,377.0
2023-02-23,377.0
2023-02-24,379.0
2023-02-27,379.0
2023-02-28,377.0
2023-03-01,375.0
2023-03-02,375.0
2023-03-03,377.0
2023-03-06,375.0
2023-03-07,372.0
2023-03-08,371.0
2023-03-09,378.0
2023-03-10,373.0
2023-03-13,373.0
2023-03-14,377.0
2023-03-15,377.0
2023-03-16,379.0
2023-03-17,383.0
2023-03-20,383.0
2023-03-21,386.0
2023-03-22,394.0
2023-03-23,391.0
2023-03-27,389.0
2023-03-28,390.0
2023-03-29,397.0
2023-03-30,393.0
2023-03-31,393.0
2023-04-03,395.0
2023-04-04,392.0
2023-04-05,392.0
2023-04-10,392.0
2023-04-11,391.0
2023-04-12,394.0
2023-04-13,398.0
2023-04-14,400.0
2023-04-17,408.0
2023-04-18,418.0
2023-04-19,423.0
2023-04-20,432.0
2023-04-21,442.0
2023-04-24,462.0
2023-04-25,495.0
2023-04-26,474.0
2023-04-27,467.0
2023-05-02,469.0
2023-05-03,474.0
2023-05-04,469.0
2023-05-05,468.0
2023-05-08,469.0
2023-05-09,470.0
2023-05-10,471.0
2023-05-11,472.0
2023-05-12,475.0
2023-05-15,474.0
2023-05-16,483.0
2023-05-17,488.0
2023-05-18,487.0
2023-05-19,488.0
2023-05-22,486.0
2023-05-23,490.0
2023-05-24,492.0
2023-05-29,493.0
2023-05-30,492.0
2023-05-31,493.0
2023-06-01,490.0
2023-06-02,490.0
2023-06-05,490.0
2023-06-06,485.0
2023-06-07,484.0
2023-06-08,484.0
2023-06-09,483.0
2023-06-12,484.0
2023-06-13,489.0
2023-06-14,496.0
2023-06-15,487.0
2023-06-16,492.0
2023-06-21,492.0
2023-06-22,493.0
2023-06-23,495.0
2023-06-26,493.0
2023-06-27,496.0
2023-06-28,496.0
2023-06-29,494.0
2023-06-30,493.0
2023-07-03,495.0
2023-07-04,493.0
2023-07-05,492.0
2023-07-06,491.0
2023-07-07,492.0
2023-07-10,495.0
2023-07-11,498.0
2023-07-12,503.0
2023-07-13,512.0
2023-07-14,522.0
2023-07-17,520.0
2023-07-18,520.0
2023-07-19,525.0
2023-07-20,525.0
2023-07-21,529.0
2023-07-24,552.0
2023-07-25,536.0
2023-07-26,546.0
2023-07-27,553.0
2023-07-28,551.0
2023-07-31,550.0
2023-08-01,560.0
2023-08-02,560.0
2023-08-03,570.0
2023-08-04,574.0
2023-08-07,596.0
2023-08-08,596.0
2023-08-09,600.0
2023-08-10,602.0
2023-08-11,605.0
2023-08-14,685.0
2023-08-15,730.0
2023-08-16,780.0
2023-08-17,760.0
2023-08-18,720.0
2023-08-22,727.0
2023-08-23,735.0
2023-08-24,725.0
2023-08-25,730.0
2023-08-28,738.0
2023-08-29,750.0
2023-08-30,740.0
2023-08-31,735.0
2023-09-01,735.0
2023-09-04,730.0
2023-09-05,725.0
2023-09-06,720.0
2023-09-07,720.0
2023-09-08,710.0
2023-09-11,717.0
2023-09-12,730.0
2023-09-13,735.0
2023-09-14,722.0
2023-09-15,730.0
2023-09-18,738.0
2023-09-19,740.0
2023-09-20,735.0
2023-09-21,745.0
2023-09-22,745.0
2023-09-25,745.0
2023-09-25,743.0
2023-09-26,752.0
2023-09-27,773.0
2023-09-28,785.0
2023-09-29,805.0
2023-10-02,798.0
2023-10-03,805.0
2023-10-04,845.0
2023-10-05,843.0
2023-10-06,895.0
2023-10-09,930.0
2023-10-10,1025.0
2023-10-11,1020.0
2023-10-12,970.0
2023-10-17,985.0
2023-10-18,930.0
2023-10-19,900.0
2023-10-20,900.0
2023-10-23,1100.0
2023-10-24,1075.0
2023-10-25,1000.0
2023-10-26,980.0
2023-10-27,990.0
2023-10-30,970.0
2023-10-31,920.0
2023-11-01,915.0
2023-11-02,915.0
2023-11-03,920.0
2023-11-07,890.0
2023-11-08,890.0
2023-11-09,950.0
2023-11-10,955.0
2023-11-13,925.0
2023-11-14,925.0
2023-11-15,1000.0
2023-11-16,960.0
2023-11-17,950.0
2023-11-21,1075.0
2023-11-22,1075.0
2023-11-23,1055.0
2023-11-24,1000.0
2023-11-27,995.0
2023-11-28,975.0
2023-11-29,930.0
2023-11-30,895.0
2023-12-01,955.0
2023-12-04,950.0
2023-12-05,910.0
2023-12-06,930.0
2023-12-07,995.0
2023-12-11,980.0
2023-12-12,1005.0
2023-12-13,1115.0
2023-12-14,995.0
2023-12-15,970.0
2023-12-18,985.0
2023-12-19,995.0
2023-12-20,995.0
2023-12-21,975.0
2023-12-22,980.0
2023-12-26,995.0
2023-12-27,1000.0
2023-12-28,1000.0
2023-12-29,1015.0
2024-01-02,1015.0
2024-01-03,1005.0
2024-01-04,1015.0
2024-01-05,1020.0
2024-01-08,1030.0
2024-01-09,1120.0
2024-01-10,1150.0
2024-01-11,1120.0
2024-01-12,1120.0
2024-01-15,1135.0
2024-01-16,1160.0
2024-01-17,1240.0
2024-01-18,1240.0
2024-01-19,1225.0
2024-01-22,1235.0
2024-01-23,1240.0
2024-01-24,1255.0
2024-01-25,1255.0
2024-01-26,1220.0
2024-01-29,1225.0
2024-01-30,1215.0
2024-01-31,1195.0
2024-02-01,1185.0
2024-02-02,1180.0
2024-02-05,1170.0
2024-02-06,1140.0
2024-02-07,1175.0
2024-02-08,1145.0
2024-02-09,1145.0
2024-02-14,1125.0
2024-02-15,1060.0
2024-02-16,1085.0
2024-02-19,1110.0
2024-02-20,1110.0
2024-02-21,1115.0
2024-02-22,1085.0
2024-02-23,1085.0
2024-02-26,1080.0
2024-02-27,1075.0
2024-02-28,1045.0
2024-02-29,1030.0
2024-03-01,1040.0
2024-03-04,1020.0
2024-03-05,1010.0
2024-03-06,995.0
2024-03-07,980.0
2024-03-08,985.0
2024-03-11,990.0
2024-03-12,1020.0
2024-03-13,1030.0
2024-03-14,1035.0
2024-03-15,1020.0
2024-03-18,1025.0
2024-03-19,1035.0
2024-03-20,1030.0
2024-03-21,1030.0
2024-03-22,1020.0
2024-03-25,1020.0
2024-03-26,1015.0
2024-03-27,1010.0
2024-04-03,1005.0
2024-04-04,1000.0
2024-04-05,985.0
2024-04-08,985.0
2024-04-09,990.0
2024-04-10,1000.0
2024-04-11,995.0
2024-04-12,1005.0
2024-04-15,1005.0
2024-04-16,1040.0
2024-04-17,1035.0
2024-04-18,1030.0
2024-04-19,1015.0
2024-04-22,1025.0
2024-04-23,1030.0
2024-04-24,1035.0
2024-04-25,1045.0
2024-04-26,1055.0
2024-04-29,1045.0
2024-04-30,1040.0
2024-05-02,1040.0
2024-05-03,1035.0
2024-05-06,1045.0
2024-05-07,1040.0
2024-05-08,1040.0
2024-05-09,1045.0
2024-05-10,1040.0
2024-05-13,1045.0
2024-05-14,1060.0
2024-05-15,1080.0
2024-05-16,1100.0
2024-05-17,1105.0
2024-05-20,1160.0
2024-05-21,1230.0
2024-05-22,1270.0
2024-05-23,1290.0
2024-05-24,1240.0
2024-05-27,1210.0
2024-05-28,1210.0
2024-05-29,1220.0
2024-05-30,1230.0
2024-05-31,1230.0
2024-06-03,1235.0
2024-06-04,1265.0
2024-06-05,1255.0
2024-06-06,1250.0
2024-06-07,1260.0
2024-06-10,1285.0
2024-06-11,1295.0
2024-06-12,1285.0
2024-06-13,1245.0
2024-06-14,1280.0
2024-06-18,1305.0
2024-06-19,1300.0
2024-06-24,1330.0
2024-06-25,1360.0
2024-06-26,1370.0
2024-06-27,1355.0
2024-06-28,1365.0
2024-07-01,1405.0
2024-07-02,1425.0
2024-07-03,1410.0
2024-07-04,1395.0
2024-07-05,1420.0
2024-07-08,1440.0
2024-07-10,1440.0
2024-07-11,1465.0
2024-07-12,1500.0
2024-07-15,1420.0
2024-07-16,1395.0
2024-07-17,1465.0
2024-07-18,1455.0
2024-07-19,1440.0
2024-07-22,1440.0
2024-07-23,1445.0
2024-07-24,1445.0
2024-07-25,1445.0
2024-07-26,1435.0
2024-07-29,1415.0
2024-07-30,1385.0
2024-07-31,1360.0
2024-08-01,1380.0
2024-08-02,1395.0
2024-08-05,1395.0
2024-08-06,1370.0
2024-08-07,1380.0
2024-08-08,1375.0
2024-08-09,1355.0
2024-08-12,1350.0
2024-08-13,1355.0
2024-08-14,1355.0
2024-08-15,1350.0
2024-08-16,1345.0
2024-08-19,1350.0
2024-08-20,1355.0
2024-08-21,1355.0
2024-08-22,1350.0
2024-08-23,1350.0
2024-08-24,1350.0
2024-08-25,1350.0
2024-08-26,1350.0
2024-08-27,1340.0
2024-08-28,1335.0
2024-08-29,1315.0
2024-08-30,1305.0
2024-08-31,1305.0
2024-09-01,1305.0
2024-09-02,1305.0
2024-09-03,1310.0
2024-09-04,1305.0
2024-09-05,1265.0
2024-09-06,1260.0
2024-09-07,1260.0
2024-09-08,1260.0
2024-09-09,1270.0
2024-09-10,1280.0
2024-09-11,1285.0
2024-09-12,1280.0
2024-09-13,1265.0
2024-09-14,1265.0
2024-09-15,1265.0
2024-09-16,1275.0
2024-09-17,1270.0
2024-09-18,1260.0
2024-09-19,1240.0
2024-09-20,1245.0
2024-09-21,1245.0
2024-09-22,1245.0
2024-09-23,1245.0
2024-09-24,1245.0
2024-09-25,1240.0
2024-09-26,1230.0
2024-09-27,1245.0
2024-09-28,1245.0
2024-09-29,1245.0
2024-09-30,1235.0
2024-10-01,1220.0
2024-10-02,1215.0
2024-10-03,1205.0
2024-10-04,1195.0
2024-10-05,1195.0
2024-10-06,1195.0
2024-10-07,1185.0
2024-10-08,1175.0
2024-10-09,1175.0
2024-10-10,1180.0
2024-10-11,1180.0
2024-10-12,1180.0
2024-10-13,1180.0
2024-10-14,1190.0
2024-10-15,1235.0
2024-10-16,1220.0
2024-10-17,1220.0
2024-10-18,1225.0
2024-10-19,1225.0
2024-10-20,1225.0
2024-10-21,1240.0
2024-10-22,1245.0
2024-10-23,1230.0
2024-10-24,1215.0
2024-10-25,1225.0
2024-10-26,1225.0
2024-10-27,1225.0
2024-10-28,1220.0
2024-10-29,1195.0
2024-10-30,1180.0
2024-10-31,1190.0
2024-11-01,1190.0
2024-11-02,1190.0
2024-11-03,1190.0
2024-11-04,1170.0
2024-11-05,1135.0
2024-11-06,1135.0
2024-11-07,1120.0
2024-11-08,1135.0
2024-11-09,1135.0
2024-11-10,1135.0
2024-11-11,1135.0
2024-11-12,1135.0
2024-11-13,1140.0
2024-11-14,1140.0
2024-11-15,1140.0
2024-11-16,1140.0
2024-11-17,1140.0
2024-11-18,1140.0
2024-11-19,1135.0
2024-11-20,1135.0
2024-11-21,1130.0
2024-11-22,1135.0
2024-11-23,1135.0
2024-11-24,1135.0
2024-11-25,1130.0
2024-11-26,1135.0
2024-11-27,1125.0
2024-11-28,1120.0
2024-11-29,1120.0
2024-11-30,1120.0
2024-12-01,1120.0
2024-12-02,1100.0
2024-12-03,1090.0
2024-12-04,1080.0
2024-12-05,1055.0
2024-12-06,1050.0
2024-12-07,1050.0
2024-12-08,1050.0
2024-12-09,1065.0
2024-12-10,1070.0
2024-12-11,1080.0
2024-12-12,1095.0
2024-12-13,1105.0
2024-12-14,1105.0
2024-12-15,1105.0
2024-12-16,1125.0
2024-12-17,1165.0
2024-12-18,1205.0
2024-12-19,1175.0
2024-12-20,1160.0
2024-12-21,1160.0
2024-12-22,1160.0
2024-12-23,1200.0
2024-12-24,1200.0
2024-12-25,1200.0
2024-12-26,1210.0
2024-12-27,1215.0
2024-12-28,1215.0
2024-12-29,1215.0
2024-12-30,1230.0
2024-12-31,1230.0
2025-01-01,1230.0
2025-01-02,1215.0
2025-01-03,1205.0
2025-01-04,1205.0
2025-01-05,1205.0
2025-01-06,1205.0
2025-01-07,1215.0
2025-01-08,1220.0
2025-01-09,1220.0
2025-01-10,1225.0
2025-01-11,1225.0
2025-01-12,1225.0
2025-01-13,1250.0
2025-01-14,1240.0
2025-01-15,1225.0
2025-01-16,1235.0
2025-01-17,1235.0
2025-01-18,1235.0
2025-01-19,1235.0
2025-01-20,1240.0
2025-01-21,1235.0
2025-01-22,1240.0
2025-01-23,1240.0
2025-01-24,1225.0
2025-01-25,1225.0
2025-01-26,1225.0
2025-01-27,1230.0
2025-01-28,1230.0
2025-01-29,1220.0
2025-01-30,1220.0
2025-01-31,1220.0
2025-02-01,1220.0
2025-02-02,1220.0
2025-02-03,1220.0
2025-02-04,1215.0
2025-02-05,1215.0
2025-02-06,1210.0
2025-02-07,1205.0
2025-02-08,1205.0
2025-02-09,1205.0
2025-02-10,1205.0
2025-02-11,1215.0
2025-02-12,1220.0
2025-02-13,1225.0
2025-02-14,1220.0
2025-02-15,1220.0
2025-02-16,1220.0
2025-02-17,1235.0
2025-02-18,1235.0
2025-02-19,1225.0
2025-02-20,1225.0
2025-02-21,1230.0
2025-02-22,1230.0
2025-02-23,1230.0
2025-02-24,1240.0
2025-02-25,1240.0
2025-02-26,1230.0
2025-02-27,1225.0
2025-02-28,1230.0
2025-03-01,1230.0
2025-03-02,1230.0
2025-03-03,1230.0
2025-03-04,1230.0
2025-03-05,1225.0
2025-03-06,1215.0
2025-03-07,1215.0
2025-03-08,1215.0
2025-03-09,1215.0
2025-03-10,1225.0
2025-03-11,1220.0
2025-03-12,1230.0
2025-03-13,1235.0
2025-03-14,1240.0
2025-03-15,1240.0
2025-03-16,1240.0
2025-03-17,1255.0
2025-03-18,1285.0
2025-03-19,1280.0
2025-03-20,1265.0
2025-03-21,1280.0
2025-03-22,1280.0
2025-03-23,1280.0
2025-03-24,1280.0
2025-03-25,1295.0
2025-03-26,1310.0
2025-03-27,1300.0
2025-03-28,1300.0
2025-03-29,1300.0
2025-03-30,1300.0
2025-03-31,1325.0
2025-04-01,1315.0
2025-04-02,1315.0
2025-04-03,1310.0
2025-04-04,1310.0
2025-04-05,1310.0
2025-04-06,1310.0
